timestamp,open,high,low,close,volume
2026-05-24 10:00:00,2122.47,2131.1,2118.14,2121.2,111016.411
2026-05-24 11:00:00,2121.2,2126.63,2121.12,2125.07,54731.652
2026-05-24 12:00:00,2125.08,2125.5,2115.61,2118.91,77367.974
2026-05-24 13:00:00,2118.91,2120.39,2104.49,2109.34,172753.55
2026-05-24 14:00:00,2109.33,2112.67,2075.6,2097.22,520280.548
2026-05-24 15:00:00,2097.22,2099.4,2093.01,2095.1,79096.598
2026-05-24 16:00:00,2095.11,2108.59,2094.11,2102.82,148100.621
2026-05-24 17:00:00,2102.83,2106.21,2100.43,2101.93,48833.599
2026-05-24 18:00:00,2101.93,2104.13,2096.68,2099.01,50182.78
2026-05-24 19:00:00,2099.01,2101.77,2095.27,2099.87,30995.843
2026-05-24 20:00:00,2099.87,2101.12,2090.25,2091.94,80047.334
2026-05-24 21:00:00,2091.94,2097.87,2061.26,2069.47,263053.226
2026-05-24 22:00:00,2069.48,2098.68,2069.37,2091.38,246539.725
2026-05-24 23:00:00,2091.37,2107.49,2090.51,2098.99,111821.738
2026-05-25 00:00:00,2098.99,2108.74,2098.84,2104.26,99733.487
2026-05-25 01:00:00,2104.26,2107.46,2092.32,2093.33,64186.305
2026-05-25 02:00:00,2093.34,2112.67,2093.34,2097.3,131591.388
2026-05-25 03:00:00,2097.31,2099.2,2090.84,2094.55,54387.885
2026-05-25 04:00:00,2094.56,2107.29,2090.96,2104.86,111645.706
2026-05-25 05:00:00,2104.86,2110.84,2103.19,2107.21,109739.672
2026-05-25 06:00:00,2107.21,2110.8,2098.08,2108.0,95865.08
2026-05-25 07:00:00,2108.0,2117.6,2105.49,2115.38,161734.70799999998
2026-05-25 08:00:00,2115.38,2116.93,2110.85,2115.76,67137.566
2026-05-25 09:00:00,2115.77,2123.72,2115.0,2115.84,121491.829
2026-05-25 10:00:00,2115.84,2120.34,2113.76,2116.09,57204.696
2026-05-25 11:00:00,2116.1,2119.41,2112.77,2113.89,59892.266
2026-05-25 12:00:00,2113.88,2118.71,2111.04,2116.12,68474.769
2026-05-25 13:00:00,2116.12,2119.22,2113.24,2115.35,41618.792
2026-05-25 14:00:00,2115.36,2129.61,2114.69,2127.54,171809.915
2026-05-25 15:00:00,2127.55,2137.99,2121.63,2126.0,173938.582
2026-05-25 16:00:00,2126.01,2141.6,2123.88,2135.5,141021.006
2026-05-25 17:00:00,2135.49,2139.99,2127.22,2127.82,92340.726
2026-05-25 18:00:00,2127.82,2133.12,2125.52,2125.9,50108.703
2026-05-25 19:00:00,2125.9,2126.05,2115.42,2120.41,83520.747
2026-05-25 20:00:00,2120.41,2122.45,2105.81,2107.49,128311.788
2026-05-25 21:00:00,2107.49,2111.92,2106.62,2109.85,57858.905
2026-05-25 22:00:00,2109.85,2114.75,2101.09,2102.59,124471.588
2026-05-25 23:00:00,2102.59,2112.76,2101.26,2111.64,62112.285
2026-05-26 00:00:00,2111.64,2112.95,2083.43,2096.58,230122.777
2026-05-26 01:00:00,2096.58,2099.44,2086.56,2093.36,159000.661
2026-05-26 02:00:00,2093.36,2094.87,2083.39,2088.0,109412.336
2026-05-26 03:00:00,2088.0,2093.59,2083.48,2092.48,73685.768
2026-05-26 04:00:00,2092.49,2095.66,2087.8,2092.74,66856.742
2026-05-26 05:00:00,2092.74,2102.72,2090.9,2099.82,82241.568
2026-05-26 06:00:00,2099.82,2103.9,2093.88,2100.81,69774.962
2026-05-26 07:00:00,2100.81,2101.62,2088.63,2094.4,168219.002
2026-05-26 08:00:00,2094.4,2099.39,2094.0,2096.23,36589.102
2026-05-26 09:00:00,2096.24,2098.82,2092.94,2095.67,46668.111
2026-05-26 10:00:00,2095.67,2136.84,2093.0,2126.79,469037.419
2026-05-26 11:00:00,2126.79,2130.0,2117.43,2120.0,199279.485
2026-05-26 12:00:00,2119.99,2126.4,2110.03,2125.47,182325.324
2026-05-26 13:00:00,2125.46,2130.82,2108.3,2124.48,248297.388
2026-05-26 14:00:00,2124.48,2139.66,2104.0,2108.17,535764.715
2026-05-26 15:00:00,2108.18,2111.39,2076.46,2086.14,554919.846
2026-05-26 16:00:00,2086.14,2089.0,2072.27,2078.53,349817.373
2026-05-26 17:00:00,2078.54,2083.0,2053.0,2069.9,470899.915
2026-05-26 18:00:00,2069.9,2081.25,2065.73,2067.89,157837.088
2026-05-26 19:00:00,2067.89,2076.19,2064.56,2073.65,64939.733
2026-05-26 20:00:00,2073.65,2077.8,2072.83,2077.48,46261.164
2026-05-26 21:00:00,2077.48,2077.9,2068.19,2072.0,52082.872
2026-05-26 22:00:00,2072.0,2075.74,2064.59,2068.0,58551.088
2026-05-26 23:00:00,2068.0,2076.09,2067.99,2072.99,43867.727
2026-05-27 00:00:00,2073.0,2083.54,2072.79,2082.31,88130.491
2026-05-27 01:00:00,2082.31,2083.05,2070.78,2073.48,56732.481
2026-05-27 02:00:00,2073.48,2075.28,2067.8,2075.28,71595.23
2026-05-27 03:00:00,2075.28,2079.4,2067.48,2068.8,76500.16500000001
2026-05-27 04:00:00,2068.79,2072.25,2055.0,2071.17,157717.35
2026-05-27 05:00:00,2071.17,2078.3,2070.53,2076.34,77115.208
2026-05-27 06:00:00,2076.34,2080.57,2073.74,2078.8,62343.897
2026-05-27 07:00:00,2078.8,2083.34,2075.0,2082.66,64169.752
2026-05-27 08:00:00,2082.67,2096.13,2082.54,2083.99,208209.26
2026-05-27 09:00:00,2083.98,2086.84,2077.1,2082.32,112675.632
2026-05-27 10:00:00,2082.33,2087.03,2078.27,2078.61,60419.709
2026-05-27 11:00:00,2078.61,2084.34,2077.5,2079.58,74087.848
2026-05-27 12:00:00,2079.57,2096.61,2072.39,2077.74,245529.503
2026-05-27 13:00:00,2077.73,2079.73,2051.0,2063.74,484558.763
2026-05-27 14:00:00,2063.74,2071.2,2053.55,2061.66,237078.237
2026-05-27 15:00:00,2061.65,2079.6,2060.25,2070.86,246669.915
2026-05-27 16:00:00,2070.86,2073.79,2059.1,2069.32,130654.581
2026-05-27 17:00:00,2069.33,2069.56,2043.43,2051.35,279493.405
2026-05-27 18:00:00,2051.35,2056.09,2041.64,2055.77,168538.217
2026-05-27 19:00:00,2055.77,2060.67,2053.56,2056.84,69704.542
2026-05-27 20:00:00,2056.85,2065.99,2056.3,2062.38,82478.129
2026-05-27 21:00:00,2062.38,2062.38,2013.98,2020.09,442588.392
2026-05-27 22:00:00,2020.09,2034.08,2015.0,2024.34,249829.706
2026-05-27 23:00:00,2024.33,2029.29,2016.93,2023.7,174494.926
2026-05-28 00:00:00,2023.7,2028.47,2019.71,2027.22,95231.315
2026-05-28 01:00:00,2027.22,2028.26,2010.25,2019.46,202620.51
2026-05-28 02:00:00,2019.47,2021.18,2013.88,2016.7,89150.92
2026-05-28 03:00:00,2016.71,2020.0,1970.0,1980.66,972726.874
2026-05-28 04:00:00,1980.65,1985.75,1965.48,1981.21,434004.248
2026-05-28 05:00:00,1981.22,1982.57,1974.27,1977.73,140457.78
2026-05-28 06:00:00,1977.73,1983.7,1971.42,1983.21,156350.152
2026-05-28 07:00:00,1983.21,1995.59,1981.46,1994.24,179965.424
2026-05-28 08:00:00,1994.24,1994.96,1983.8,1987.33,119700.003
2026-05-28 09:00:00,1987.34,1994.55,1983.6,1992.92,79449.285
2026-05-28 10:00:00,1992.92,1997.95,1987.41,1989.15,102330.84
2026-05-28 11:00:00,1989.16,1991.8,1985.29,1988.73,94401.003
2026-05-28 12:00:00,1988.73,1993.95,1980.32,1991.05,138572.426
2026-05-28 13:00:00,1991.06,1994.26,1974.29,1980.78,282046.109
2026-05-28 14:00:00,1980.77,2002.21,1966.15,1992.69,616423.1529999999
2026-05-28 15:00:00,1992.68,1998.55,1982.65,1989.69,176716.574
2026-05-28 16:00:00,1989.7,2014.8,1984.11,2012.5,312536.36
2026-05-28 17:00:00,2012.49,2026.82,2008.26,2018.42,247769.309
2026-05-28 18:00:00,2018.43,2029.5,2017.05,2024.17,145298.824
2026-05-28 19:00:00,2024.17,2024.28,2013.08,2013.86,130593.262
2026-05-28 20:00:00,2013.87,2019.4,2005.34,2013.16,126190.543
2026-05-28 21:00:00,2013.16,2023.5,2012.53,2019.05,71986.782
2026-05-28 22:00:00,2019.05,2022.16,2004.43,2004.89,91532.975
2026-05-28 23:00:00,2004.89,2011.61,2004.88,2008.92,59623.634
2026-05-29 00:00:00,2008.92,2016.29,2008.92,2011.71,81467.394
2026-05-29 01:00:00,2011.71,2015.7,2005.09,2007.25,68717.221
2026-05-29 02:00:00,2007.26,2010.12,1995.74,1998.51,128485.11
2026-05-29 03:00:00,1998.51,2007.27,1998.51,2002.06,60776.532
2026-05-29 04:00:00,2002.05,2007.9,1997.53,2007.63,70410.471
2026-05-29 05:00:00,2007.64,2014.84,2006.84,2013.63,99724.779
2026-05-29 06:00:00,2013.63,2020.76,2011.33,2017.2,80579.279
2026-05-29 07:00:00,2017.21,2019.0,2002.31,2006.54,184236.922
2026-05-29 08:00:00,2006.53,2013.0,2004.53,2005.43,95442.407
2026-05-29 09:00:00,2005.43,2015.4,2005.2,2013.79,69277.53
2026-05-29 10:00:00,2013.8,2014.15,2008.75,2010.14,39179.698
2026-05-29 11:00:00,2010.13,2013.62,2001.29,2006.62,89082.353
2026-05-29 12:00:00,2006.63,2006.63,1993.57,1998.61,192530.348
2026-05-29 13:00:00,1998.62,2005.6,1986.39,1998.75,283691.359
2026-05-29 14:00:00,1998.75,2004.0,1975.37,2000.92,492151.141
2026-05-29 15:00:00,2000.92,2046.0,1998.34,2030.83,992851.497
2026-05-29 16:00:00,2030.83,2042.81,2021.23,2039.65,345343.654
2026-05-29 17:00:00,2039.65,2043.69,2025.16,2027.57,201912.284
2026-05-29 18:00:00,2027.57,2030.99,2003.0,2010.45,297522.502
2026-05-29 19:00:00,2010.45,2021.19,2003.65,2016.03,156790.589
2026-05-29 20:00:00,2016.02,2023.0,2013.78,2017.48,87732.326
2026-05-29 21:00:00,2017.48,2023.31,2007.03,2008.61,106332.776
2026-05-29 22:00:00,2008.62,2016.24,2006.61,2012.8,82244.844
2026-05-29 23:00:00,2012.81,2014.99,2005.79,2013.35,98471.087
2026-05-30 00:00:00,2013.36,2015.37,2009.47,2013.9,55028.087
2026-05-30 01:00:00,2013.9,2020.63,2012.5,2018.73,66043.431
2026-05-30 02:00:00,2018.73,2020.75,2016.06,2020.62,36868.522
2026-05-30 03:00:00,2020.63,2022.69,2013.95,2015.9,64131.298
2026-05-30 04:00:00,2015.9,2017.5,2000.83,2010.0,166123.328
2026-05-30 05:00:00,2010.0,2023.3,2007.0,2015.04,116282.565
2026-05-30 06:00:00,2015.03,2019.79,2011.89,2016.01,53499.116
2026-05-30 07:00:00,2016.0,2017.2,2012.73,2015.33,37814.308
2026-05-30 08:00:00,2015.33,2015.44,2012.88,2013.39,22764.41
2026-05-30 09:00:00,2013.39,2016.5,2012.96,2015.82,24854.72
2026-05-30 10:00:00,2015.81,2021.88,2015.47,2017.14,81200.292
2026-05-30 11:00:00,2017.13,2018.33,2014.38,2016.54,26552.868
2026-05-30 12:00:00,2016.54,2019.73,2016.2,2019.02,25063.543
2026-05-30 13:00:00,2019.01,2021.63,2016.16,2019.82,44693.998
2026-05-30 14:00:00,2019.81,2029.99,2019.49,2025.89,151178.81
2026-05-30 15:00:00,2025.88,2031.51,2023.39,2025.95,94178.772
2026-05-30 16:00:00,2025.95,2027.59,2023.63,2026.27,40487.362
2026-05-30 17:00:00,2026.28,2028.34,2018.13,2026.42,72753.952
2026-05-30 18:00:00,2026.41,2029.72,2023.72,2026.82,48508.469
2026-05-30 19:00:00,2026.81,2028.27,2023.74,2027.96,32054.924
2026-05-30 20:00:00,2027.97,2028.8,2025.0,2026.3,25254.14
2026-05-30 21:00:00,2026.3,2030.79,2026.3,2027.54,40078.802
2026-05-30 22:00:00,2027.55,2027.55,2019.71,2022.51,53041.207
2026-05-30 23:00:00,2022.51,2025.38,2019.24,2021.58,33895.973
2026-05-31 00:00:00,2021.59,2027.23,2019.85,2026.0,35455.023
2026-05-31 01:00:00,2026.0,2033.94,2025.78,2028.38,95610.61
2026-05-31 02:00:00,2028.38,2037.55,2026.5,2033.51,134029.023
2026-05-31 03:00:00,2033.52,2036.06,2031.22,2032.66,39717.826
2026-05-31 04:00:00,2032.66,2034.2,2030.3,2032.85,26380.815
2026-05-31 05:00:00,2032.85,2033.01,2028.2,2029.27,29475.926
2026-05-31 06:00:00,2029.27,2030.2,2027.54,2028.99,26681.749
2026-05-31 07:00:00,2028.99,2028.99,2021.53,2023.14,57455.335
2026-05-31 08:00:00,2023.14,2028.4,2022.01,2026.77,71201.95
2026-05-31 09:00:00,2026.78,2027.61,2016.9,2020.15,79978.541
2026-05-31 10:00:00,2020.14,2020.89,2014.4,2019.92,101111.86
2026-05-31 11:00:00,2019.93,2023.37,2019.92,2022.23,29643.933
2026-05-31 12:00:00,2022.22,2024.46,2018.17,2021.35,34896.372
2026-05-31 13:00:00,2021.35,2025.7,2018.6,2019.44,34689.474
2026-05-31 14:00:00,2019.43,2020.73,2004.53,2006.84,343928.846
2026-05-31 15:00:00,2006.85,2014.4,2006.22,2009.51,125030.789
2026-05-31 16:00:00,2009.5,2011.5,1996.99,2001.13,213503.715
2026-05-31 17:00:00,2001.13,2007.0,1995.42,2005.03,125542.57
2026-05-31 18:00:00,2005.04,2005.37,1998.2,1999.83,61666.589
2026-05-31 19:00:00,1999.83,2001.76,1992.84,1998.76,73884.921
2026-05-31 20:00:00,1998.76,2007.77,1998.76,2006.35,56788.629
2026-05-31 21:00:00,2006.36,2013.5,2004.1,2011.44,108295.484
2026-05-31 22:00:00,2011.43,2013.4,2003.67,2011.67,70564.259
2026-05-31 23:00:00,2011.68,2022.27,1999.05,2006.31,142053.40600000002
2026-06-01 00:00:00,2006.3,2020.9,2005.15,2014.83,141927.406
2026-06-01 01:00:00,2014.82,2016.17,1993.08,1994.02,158089.225
2026-06-01 02:00:00,1994.01,2017.46,1990.09,2010.81,188932.398
2026-06-01 03:00:00,2010.8,2017.61,2007.72,2008.48,112140.89
2026-06-01 04:00:00,2008.47,2011.38,1992.85,1998.83,176836.439
2026-06-01 05:00:00,1998.83,2000.54,1990.36,1993.61,101417.521
2026-06-01 06:00:00,1993.61,1994.38,1979.0,1987.09,257876.429
2026-06-01 07:00:00,1987.09,1989.77,1970.3,1975.46,218443.309
2026-06-01 08:00:00,1975.45,1984.51,1971.1,1983.29,192792.924
2026-06-01 09:00:00,1983.28,1989.46,1983.02,1986.94,128714.268
2026-06-01 10:00:00,1986.95,1988.2,1980.28,1983.86,92595.652
2026-06-01 11:00:00,1983.87,1986.19,1976.38,1980.73,90216.772
2026-06-01 12:00:00,1980.73,1993.59,1965.89,1988.67,394763.75
2026-06-01 13:00:00,1988.67,1989.46,1954.42,1970.61,634030.791
2026-06-01 14:00:00,1970.62,1976.79,1963.78,1967.61,298622.173
2026-06-01 15:00:00,1967.61,1979.5,1959.1,1967.6,306401.49
2026-06-01 16:00:00,1967.61,1978.08,1957.47,1977.25,243651.954
2026-06-01 17:00:00,1977.25,1996.42,1976.87,1989.86,335153.338
2026-06-01 18:00:00,1989.86,1995.0,1982.56,1991.8,114487.357
2026-06-01 19:00:00,1991.8,2008.25,1991.04,2003.92,182138.443
2026-06-01 20:00:00,2003.92,2008.25,2000.6,2005.01,104167.263
2026-06-01 21:00:00,2005.01,2009.42,1991.83,1993.86,168679.084
2026-06-01 22:00:00,1993.86,2005.49,1983.51,2003.82,176797.715
2026-06-01 23:00:00,2003.81,2008.19,1997.34,2006.0,117483.001
2026-06-02 00:00:00,2006.01,2006.44,1994.32,1995.84,86923.888
2026-06-02 01:00:00,1995.84,1998.42,1978.4,1979.3,157068.677
2026-06-02 02:00:00,1979.3,1996.56,1961.31,1996.44,446048.408
2026-06-02 03:00:00,1996.45,2004.53,1994.46,2003.32,173932.83299999998
2026-06-02 04:00:00,2003.32,2005.92,1995.08,1996.09,132819.773
2026-06-02 05:00:00,1996.09,2000.64,1983.45,1984.08,200528.667
2026-06-02 06:00:00,1984.08,1988.0,1977.07,1981.51,212027.575
2026-06-02 07:00:00,1981.52,1989.65,1972.6,1980.9,181923.624
2026-06-02 08:00:00,1980.89,1988.8,1976.05,1978.61,152282.518
2026-06-02 09:00:00,1978.61,1979.21,1965.52,1974.34,230043.066
2026-06-02 10:00:00,1974.35,1983.25,1970.76,1982.77,114063.818
2026-06-02 11:00:00,1982.77,1983.0,1974.89,1977.52,67906.452
2026-06-02 12:00:00,1977.53,1982.07,1971.6,1975.57,129998.246
2026-06-02 13:00:00,1975.56,1981.0,1968.39,1973.44,232741.509
2026-06-02 14:00:00,1973.43,1974.48,1924.0,1940.66,1084489.519
2026-06-02 15:00:00,1940.65,1940.92,1888.0,1914.11,1160396.578
2026-06-02 16:00:00,1914.11,1944.65,1908.59,1919.87,600863.473
2026-06-02 17:00:00,1919.87,1930.99,1918.6,1923.49,142677.555
2026-06-02 18:00:00,1923.5,1927.39,1902.5,1912.41,206586.908
2026-06-02 19:00:00,1912.41,1917.16,1879.24,1911.4,474285.861
2026-06-02 20:00:00,1911.4,1918.0,1894.35,1905.57,307483.696
2026-06-02 21:00:00,1905.58,1910.66,1896.13,1899.53,137521.716
2026-06-02 22:00:00,1899.53,1909.0,1860.0,1867.81,671533.051
2026-06-02 23:00:00,1867.82,1872.91,1837.01,1858.96,688739.089
2026-06-03 00:00:00,1858.96,1873.72,1853.55,1866.42,280207.902
2026-06-03 01:00:00,1866.41,1869.23,1848.42,1863.77,220656.674
2026-06-03 02:00:00,1863.77,1864.15,1850.34,1853.42,163192.396
2026-06-03 03:00:00,1853.41,1856.08,1816.0,1827.22,563547.794
2026-06-03 04:00:00,1827.22,1851.53,1826.85,1850.3,336867.722
2026-06-03 05:00:00,1850.3,1875.88,1849.19,1872.66,437614.011
2026-06-03 06:00:00,1872.66,1883.64,1869.1,1871.02,410344.846
2026-06-03 07:00:00,1871.02,1879.54,1866.91,1877.56,142349.993
2026-06-03 08:00:00,1877.55,1882.87,1872.6,1879.34,204233.729
2026-06-03 09:00:00,1879.34,1886.28,1869.21,1875.51,259223.994
2026-06-03 10:00:00,1875.52,1892.39,1874.18,1884.03,173583.988
2026-06-03 11:00:00,1884.03,1887.81,1875.7,1877.6,105127.214
2026-06-03 12:00:00,1877.61,1879.62,1867.3,1875.82,186586.358
2026-06-03 13:00:00,1875.82,1879.15,1860.44,1866.78,269447.59500000003
2026-06-03 14:00:00,1866.77,1868.0,1851.68,1857.96,264538.162
2026-06-03 15:00:00,1857.95,1859.21,1835.17,1835.99,359153.209
2026-06-03 16:00:00,1835.99,1843.26,1810.09,1831.77,726693.274
2026-06-03 17:00:00,1831.78,1838.6,1817.02,1827.4,249582.928
2026-06-03 18:00:00,1827.41,1833.76,1820.63,1831.65,123768.649
2026-06-03 19:00:00,1831.66,1833.06,1794.2,1802.41,448916.17
2026-06-03 20:00:00,1802.42,1812.6,1767.71,1780.43,554469.094
2026-06-03 21:00:00,1780.44,1849.88,1776.6,1849.64,555763.393
2026-06-03 22:00:00,1849.63,1851.58,1822.22,1828.45,318429.757
2026-06-03 23:00:00,1828.44,1830.27,1811.7,1812.46,249746.131
2026-06-04 00:00:00,1812.45,1819.9,1781.5,1793.15,589680.654
2026-06-04 01:00:00,1793.16,1800.63,1754.16,1759.18,638266.843
2026-06-04 02:00:00,1759.17,1778.0,1712.52,1766.11,945659.172
2026-06-04 03:00:00,1766.11,1812.0,1765.75,1808.5,516669.984
2026-06-04 04:00:00,1808.5,1817.3,1801.55,1804.63,245324.582
2026-06-04 05:00:00,1804.64,1804.64,1779.58,1783.37,348072.528
2026-06-04 06:00:00,1783.37,1801.44,1781.26,1789.28,227980.744
2026-06-04 07:00:00,1789.28,1789.9,1772.29,1776.45,264216.879
2026-06-04 08:00:00,1776.45,1782.63,1762.86,1772.66,300153.106
2026-06-04 09:00:00,1772.66,1773.4,1743.59,1765.87,464536.516
2026-06-04 10:00:00,1765.88,1766.49,1728.88,1736.12,583344.038
2026-06-04 11:00:00,1736.12,1754.18,1731.58,1750.67,331152.597
2026-06-04 12:00:00,1750.67,1782.45,1743.27,1777.51,477968.594
2026-06-04 13:00:00,1777.5,1789.52,1754.28,1784.91,489587.069
2026-06-04 14:00:00,1784.9,1793.66,1765.21,1773.67,324684.117
2026-06-04 15:00:00,1773.66,1790.63,1769.54,1775.9,233724.355
2026-06-04 16:00:00,1775.9,1780.79,1765.02,1771.45,161411.916
2026-06-04 17:00:00,1771.44,1775.49,1752.66,1767.05,282871.819
2026-06-04 18:00:00,1767.04,1783.03,1759.0,1775.33,205558.492
2026-06-04 19:00:00,1775.33,1787.38,1770.1,1776.24,154558.676
2026-06-04 20:00:00,1776.23,1776.7,1763.48,1774.09,137889.657
2026-06-04 21:00:00,1774.08,1782.29,1755.72,1760.17,150879.514
2026-06-04 22:00:00,1760.17,1769.63,1751.6,1767.7,187857.594
2026-06-04 23:00:00,1767.7,1776.22,1756.44,1769.86,141817.927
2026-06-05 00:00:00,1769.85,1774.34,1757.56,1758.53,163445.902
2026-06-05 01:00:00,1758.52,1763.6,1745.43,1752.47,221743.078
2026-06-05 02:00:00,1752.48,1754.18,1726.45,1729.52,409119.458
2026-06-05 03:00:00,1729.52,1738.98,1721.26,1729.05,286470.823
2026-06-05 04:00:00,1729.05,1745.67,1717.58,1743.67,476289.76
2026-06-05 05:00:00,1743.67,1747.0,1680.1,1683.37,953447.789
2026-06-05 06:00:00,1683.36,1688.61,1622.31,1655.46,1566842.512
2026-06-05 07:00:00,1655.46,1679.34,1632.26,1678.28,699998.417
2026-06-05 08:00:00,1678.29,1678.63,1658.35,1663.02,286917.537
2026-06-05 09:00:00,1663.02,1689.23,1661.75,1681.88,335921.888
2026-06-05 10:00:00,1681.88,1684.29,1671.15,1676.03,203928.897
2026-06-05 11:00:00,1676.03,1680.88,1662.06,1662.39,259455.376
2026-06-05 12:00:00,1662.39,1670.71,1645.01,1656.32,484448.506
2026-06-05 13:00:00,1656.31,1677.0,1611.51,1614.19,820357.9990000001
2026-06-05 14:00:00,1614.19,1623.88,1590.69,1599.86,1219821.426
2026-06-05 15:00:00,1599.86,1603.77,1571.21,1582.2,951084.293
2026-06-05 16:00:00,1582.2,1612.0,1546.0,1607.65,1563781.094
2026-06-05 17:00:00,1607.65,1612.14,1586.67,1593.22,355163.07
2026-06-05 18:00:00,1593.22,1597.98,1544.11,1551.98,717803.345
2026-06-05 19:00:00,1551.99,1579.69,1538.13,1573.01,706886.191
2026-06-05 20:00:00,1573.03,1607.44,1556.11,1602.4,601484.189
2026-06-05 21:00:00,1602.39,1618.85,1601.46,1608.92,310328.234
2026-06-05 22:00:00,1608.92,1609.45,1587.94,1596.57,314244.494
2026-06-05 23:00:00,1596.57,1603.3,1559.58,1582.35,409854.313
2026-06-06 00:00:00,1582.35,1600.56,1581.35,1592.1,224645.255
2026-06-06 01:00:00,1592.1,1595.77,1577.05,1582.13,148346.954
2026-06-06 02:00:00,1582.13,1584.68,1565.44,1575.13,208815.625
2026-06-06 03:00:00,1575.14,1575.76,1554.0,1562.32,235759.786
2026-06-06 04:00:00,1562.33,1568.67,1508.29,1521.55,875999.707
2026-06-06 05:00:00,1521.56,1568.88,1503.6,1566.09,810240.122
2026-06-06 06:00:00,1566.09,1581.43,1555.34,1559.49,447084.954
2026-06-06 07:00:00,1559.49,1579.7,1555.5,1574.54,254737.601
2026-06-06 08:00:00,1574.54,1592.8,1569.43,1581.86,270538.326
2026-06-06 09:00:00,1581.86,1587.99,1564.91,1569.97,262595.469
2026-06-06 10:00:00,1569.97,1570.0,1533.33,1547.23,576622.531
2026-06-06 11:00:00,1547.22,1566.24,1546.31,1557.73,246126.688
2026-06-06 12:00:00,1557.74,1574.99,1550.52,1570.57,343942.697
2026-06-06 13:00:00,1570.57,1572.69,1553.33,1556.51,200933.716
2026-06-06 14:00:00,1556.52,1566.34,1555.42,1557.03,147817.928
2026-06-06 15:00:00,1557.04,1565.28,1542.72,1559.71,245064.576
2026-06-06 16:00:00,1559.71,1565.05,1552.41,1562.86,165294.413
2026-06-06 17:00:00,1562.87,1565.8,1545.79,1552.56,214737.861
2026-06-06 18:00:00,1552.56,1565.31,1548.72,1555.78,167857.551
2026-06-06 19:00:00,1555.77,1562.67,1552.56,1553.71,79391.44900000001
2026-06-06 20:00:00,1553.71,1559.1,1550.07,1556.67,95608.125
2026-06-06 21:00:00,1556.67,1564.4,1556.66,1557.26,77020.394
2026-06-06 22:00:00,1557.26,1561.35,1550.56,1557.43,104264.278
2026-06-06 23:00:00,1557.44,1569.0,1555.83,1568.6,135596.791
2026-06-07 00:00:00,1568.6,1572.0,1563.0,1564.07,130142.693
2026-06-07 01:00:00,1564.08,1595.7,1563.0,1589.21,423907.445
2026-06-07 02:00:00,1589.2,1594.0,1581.17,1591.61,174174.853
2026-06-07 03:00:00,1591.62,1599.99,1588.71,1593.97,158559.07700000002
2026-06-07 04:00:00,1593.98,1598.3,1583.69,1595.92,140561.319
2026-06-07 05:00:00,1595.92,1608.8,1592.27,1602.99,272324.889
2026-06-07 06:00:00,1603.0,1622.95,1597.33,1610.48,506631.086
2026-06-07 07:00:00,1610.48,1615.94,1606.33,1614.19,193047.818
2026-06-07 08:00:00,1614.2,1642.16,1607.41,1640.65,480230.696
2026-06-07 09:00:00,1640.65,1648.0,1628.14,1632.46,315626.86600000004
2026-06-07 10:00:00,1632.46,1634.95,1623.64,1624.99,153822.633
2026-06-07 11:00:00,1624.98,1633.36,1621.66,1629.39,126974.239
2026-06-07 12:00:00,1629.39,1630.59,1605.46,1619.24,451180.384
2026-06-07 13:00:00,1619.25,1622.79,1612.68,1616.62,139852.733
2026-06-07 14:00:00,1616.62,1639.59,1615.92,1627.16,290748.007
2026-06-07 15:00:00,1627.17,1635.33,1619.86,1629.2,157777.596
2026-06-07 16:00:00,1629.19,1632.58,1622.34,1627.64,107498.724
2026-06-07 17:00:00,1627.65,1636.99,1626.59,1630.09,99275.652
2026-06-07 18:00:00,1630.08,1635.68,1627.7,1629.28,63451.94
2026-06-07 19:00:00,1629.29,1629.52,1601.99,1611.91,386227.978
2026-06-07 20:00:00,1611.9,1630.87,1608.09,1627.0,141077.998
2026-06-07 21:00:00,1627.0,1633.81,1622.47,1633.78,74368.166
2026-06-07 22:00:00,1633.78,1721.57,1628.0,1671.79,979845.761
2026-06-07 23:00:00,1671.79,1690.88,1669.92,1689.66,217898.879
2026-06-08 00:00:00,1689.66,1710.97,1682.14,1696.66,385206.743
2026-06-08 01:00:00,1696.66,1699.35,1670.14,1686.4,311619.624
2026-06-08 02:00:00,1686.4,1688.65,1676.8,1682.73,132042.404
2026-06-08 03:00:00,1682.74,1691.92,1675.82,1678.93,125343.462
2026-06-08 04:00:00,1678.93,1680.31,1655.2,1656.02,284652.358
2026-06-08 05:00:00,1656.02,1659.15,1643.65,1652.65,286802.51
2026-06-08 06:00:00,1652.65,1669.18,1651.66,1665.7,230584.34
2026-06-08 07:00:00,1665.7,1678.63,1660.7,1672.7,182106.382
2026-06-08 08:00:00,1672.71,1672.71,1657.74,1660.44,150616.496
2026-06-08 09:00:00,1660.43,1671.36,1656.07,1670.23,220162.294
2026-06-08 10:00:00,1670.23,1676.57,1662.48,1671.67,163753.034
2026-06-08 11:00:00,1671.67,1696.22,1666.85,1682.93,405912.236
2026-06-08 12:00:00,1682.93,1698.0,1664.92,1694.5,472234.119
2026-06-08 13:00:00,1694.5,1696.07,1677.54,1680.6,283763.679
2026-06-08 14:00:00,1680.6,1693.81,1675.5,1690.51,192692.73
2026-06-08 15:00:00,1690.5,1705.77,1687.38,1690.62,339672.919
2026-06-08 16:00:00,1690.62,1702.99,1681.28,1681.47,251839.742
2026-06-08 17:00:00,1681.47,1686.86,1674.01,1685.68,210093.364
2026-06-08 18:00:00,1685.68,1691.71,1677.41,1683.54,118060.113
2026-06-08 19:00:00,1683.54,1689.99,1680.0,1683.75,146690.059
2026-06-08 20:00:00,1683.75,1688.66,1678.01,1688.66,104901.304
2026-06-08 21:00:00,1688.66,1713.72,1688.66,1702.64,305534.866
2026-06-08 22:00:00,1702.64,1703.4,1687.28,1702.49,216216.223
2026-06-08 23:00:00,1702.5,1714.22,1685.8,1689.21,220574.198
2026-06-09 00:00:00,1689.2,1695.77,1658.05,1662.0,546596.042
2026-06-09 01:00:00,1662.0,1673.16,1657.08,1667.84,185284.084
2026-06-09 02:00:00,1667.84,1671.25,1653.09,1667.21,194365.195
2026-06-09 03:00:00,1667.2,1670.86,1662.81,1668.61,92411.467
2026-06-09 04:00:00,1668.61,1696.0,1663.39,1685.66,321090.33400000003
2026-06-09 05:00:00,1685.66,1694.48,1680.58,1687.61,131712.405
2026-06-09 06:00:00,1687.61,1694.85,1683.36,1685.36,113600.285
2026-06-09 07:00:00,1685.35,1690.9,1673.76,1679.19,200380.962
2026-06-09 08:00:00,1679.19,1679.88,1667.27,1674.1,198791.742
2026-06-09 09:00:00,1674.11,1679.37,1663.75,1669.46,144141.006
2026-06-09 10:00:00,1669.46,1675.9,1665.85,1673.69,102431.065
2026-06-09 11:00:00,1673.68,1674.81,1665.2,1670.74,95263.953
2026-06-09 12:00:00,1670.73,1684.09,1669.81,1675.93,186914.384
2026-06-09 13:00:00,1675.93,1679.84,1662.63,1665.86,264822.755
2026-06-09 14:00:00,1665.86,1670.26,1632.84,1644.9,759988.162
2026-06-09 15:00:00,1644.91,1653.0,1633.42,1635.42,413138.752
2026-06-09 16:00:00,1635.42,1638.63,1613.1,1631.35,740559.526
2026-06-09 17:00:00,1631.36,1648.99,1631.29,1642.09,323413.679
2026-06-09 18:00:00,1642.1,1654.93,1638.71,1651.32,163920.464
2026-06-09 19:00:00,1651.32,1657.76,1646.76,1656.56,129095.725
2026-06-09 20:00:00,1656.56,1662.98,1654.46,1659.79,112406.758
2026-06-09 21:00:00,1659.79,1660.91,1646.26,1649.49,101460.033
2026-06-09 22:00:00,1649.49,1654.48,1638.5,1638.99,144213.809
2026-06-09 23:00:00,1638.99,1641.85,1628.9,1638.64,155246.036
2026-06-10 00:00:00,1638.64,1646.0,1628.63,1644.8,124759.328
2026-06-10 01:00:00,1644.8,1646.27,1632.49,1638.14,170318.512
2026-06-10 02:00:00,1638.14,1641.76,1620.63,1623.31,171052.797
2026-06-10 03:00:00,1623.31,1635.71,1622.6,1629.88,99436.562
2026-06-10 04:00:00,1629.87,1632.21,1621.07,1625.19,92934.864
2026-06-10 05:00:00,1625.2,1629.48,1615.34,1627.26,139365.655
2026-06-10 06:00:00,1627.27,1633.54,1621.64,1631.17,117029.664
2026-06-10 07:00:00,1631.17,1642.99,1629.76,1639.32,190124.107
2026-06-10 08:00:00,1639.32,1640.08,1617.29,1620.46,226600.229
2026-06-10 09:00:00,1620.47,1625.78,1605.0,1622.92,300890.995
2026-06-10 10:00:00,1622.93,1629.24,1617.09,1627.46,110395.018
2026-06-10 11:00:00,1627.47,1629.54,1610.54,1619.18,286989.606
2026-06-10 12:00:00,1619.17,1644.9,1615.01,1634.41,470415.32
2026-06-10 13:00:00,1634.41,1667.31,1630.66,1650.96,578585.115
2026-06-10 14:00:00,1650.97,1654.94,1636.31,1645.76,347406.575
2026-06-10 15:00:00,1645.77,1665.0,1634.54,1657.09,471403.426
2026-06-10 16:00:00,1657.1,1658.12,1631.4,1641.31,290053.006
2026-06-10 17:00:00,1641.31,1647.06,1621.46,1631.45,342023.328
2026-06-10 18:00:00,1631.44,1636.4,1621.17,1630.28,162380.749
2026-06-10 19:00:00,1630.27,1632.89,1622.05,1629.22,122936.725
2026-06-10 20:00:00,1629.22,1635.45,1622.0,1629.6,127908.896
2026-06-10 21:00:00,1629.6,1629.6,1602.05,1610.54,284703.54
2026-06-10 22:00:00,1610.54,1621.71,1603.52,1615.71,202528.639
2026-06-10 23:00:00,1615.71,1624.5,1608.28,1620.72,143769.621
2026-06-11 00:00:00,1620.72,1633.8,1620.72,1627.62,153353.86800000002
2026-06-11 01:00:00,1627.62,1646.92,1627.49,1642.22,176336.764
2026-06-11 02:00:00,1642.22,1644.83,1629.74,1640.08,136928.124
2026-06-11 03:00:00,1640.09,1662.07,1635.28,1653.19,286231.894
2026-06-11 04:00:00,1653.2,1658.98,1649.2,1656.08,154225.273
2026-06-11 05:00:00,1656.09,1656.19,1646.59,1647.09,118891.92
2026-06-11 06:00:00,1647.09,1662.72,1645.36,1654.06,253373.69
2026-06-11 07:00:00,1654.05,1657.7,1650.52,1653.67,105269.559
2026-06-11 08:00:00,1653.67,1663.94,1653.65,1659.31,165704.248
2026-06-11 09:00:00,1659.3,1661.36,1655.08,1658.27,87336.576
2026-06-11 10:00:00,1658.27,1660.88,1653.34,1657.95,97566.555
2026-06-11 11:00:00,1657.94,1673.59,1655.41,1665.76,269578.651
2026-06-11 12:00:00,1665.77,1665.94,1641.0,1650.82,452104.329
2026-06-11 13:00:00,1650.83,1658.6,1643.4,1652.44,200321.138
2026-06-11 14:00:00,1652.45,1654.79,1638.01,1642.25,298476.175
2026-06-11 15:00:00,1642.25,1650.0,1635.2,1644.64,226482.842
2026-06-11 16:00:00,1644.64,1648.7,1637.29,1638.82,131536.063
2026-06-11 17:00:00,1638.82,1693.38,1631.32,1688.07,877399.542
2026-06-11 18:00:00,1688.06,1691.42,1676.13,1683.31,310433.341
2026-06-11 19:00:00,1683.32,1693.27,1675.12,1680.29,225539.276
2026-06-11 20:00:00,1680.29,1682.05,1666.0,1671.49,161560.896
2026-06-11 21:00:00,1671.49,1682.79,1671.38,1676.28,97088.068
2026-06-11 22:00:00,1676.29,1682.51,1674.31,1675.25,74653.027
2026-06-11 23:00:00,1675.26,1678.45,1669.38,1672.57,99284.601
2026-06-12 00:00:00,1672.57,1676.99,1668.72,1671.85,96934.996
2026-06-12 01:00:00,1671.86,1671.96,1658.88,1666.47,137846.733
2026-06-12 02:00:00,1666.47,1678.16,1665.83,1674.72,86205.772
2026-06-12 03:00:00,1674.72,1675.81,1667.71,1672.39,46977.392
2026-06-12 04:00:00,1672.4,1681.84,1668.21,1676.57,114276.904
2026-06-12 05:00:00,1676.58,1677.01,1661.05,1663.29,154708.714
2026-06-12 06:00:00,1663.29,1665.88,1651.17,1656.49,201709.386
2026-06-12 07:00:00,1656.5,1664.26,1655.24,1661.21,111631.984
2026-06-12 08:00:00,1661.23,1677.32,1661.21,1672.44,200958.01
2026-06-12 09:00:00,1672.43,1684.99,1670.33,1679.35,203227.638
2026-06-12 10:00:00,1679.35,1682.5,1670.7,1674.03,130707.959
2026-06-12 11:00:00,1674.03,1677.89,1671.05,1672.85,71801.91500000001
2026-06-12 12:00:00,1672.86,1672.86,1661.91,1665.83,143824.309
2026-06-12 13:00:00,1665.84,1668.15,1652.5,1656.77,252978.777
2026-06-12 14:00:00,1656.78,1685.71,1655.34,1684.89,379182.863
2026-06-12 15:00:00,1684.89,1690.51,1657.22,1658.98,617075.532
2026-06-12 16:00:00,1658.98,1674.99,1656.26,1671.99,288957.423
2026-06-12 17:00:00,1672.0,1677.5,1666.35,1668.02,105090.212
2026-06-12 18:00:00,1668.02,1672.8,1662.55,1666.19,112640.936
2026-06-12 19:00:00,1666.18,1671.9,1664.0,1665.08,62161.911
2026-06-12 20:00:00,1665.08,1667.14,1660.85,1664.05,46429.084
2026-06-12 21:00:00,1664.05,1667.32,1662.1,1663.42,38282.621
2026-06-12 22:00:00,1663.43,1666.6,1660.5,1661.73,36520.403
2026-06-12 23:00:00,1661.73,1665.57,1657.8,1665.48,48030.208
2026-06-13 00:00:00,1665.49,1668.45,1664.49,1666.62,46046.449
2026-06-13 01:00:00,1666.63,1675.98,1665.77,1673.33,88194.834
2026-06-13 02:00:00,1673.34,1673.86,1664.72,1667.23,59051.845
2026-06-13 03:00:00,1667.24,1668.84,1662.62,1664.4,58886.037
2026-06-13 04:00:00,1664.39,1667.39,1662.78,1663.7,39566.319
2026-06-13 05:00:00,1663.69,1664.85,1661.2,1664.47,44752.736
2026-06-13 06:00:00,1664.47,1669.6,1663.09,1669.1,41684.885
2026-06-13 07:00:00,1669.11,1677.29,1667.63,1675.51,148051.213
2026-06-13 08:00:00,1675.51,1679.33,1672.72,1673.72,121145.022
2026-06-13 09:00:00,1673.72,1675.69,1672.1,1672.97,40001.893
2026-06-13 10:00:00,1672.97,1675.75,1671.99,1673.35,38897.481
2026-06-13 11:00:00,1673.35,1678.25,1672.5,1677.53,68416.101
2026-06-13 12:00:00,1677.54,1683.49,1676.01,1679.81,80901.35
2026-06-13 13:00:00,1679.81,1680.76,1675.66,1677.09,82809.001
2026-06-13 14:00:00,1677.1,1680.81,1676.78,1679.23,50503.593
2026-06-13 15:00:00,1679.24,1685.98,1677.69,1681.44,151416.15099999998
2026-06-13 16:00:00,1681.44,1681.94,1670.5,1676.0,231624.459
2026-06-13 17:00:00,1675.99,1677.88,1672.24,1673.45,73589.284
2026-06-13 18:00:00,1673.46,1681.85,1673.3,1677.43,57553.585
2026-06-13 19:00:00,1677.42,1679.34,1674.88,1677.51,33618.921
2026-06-13 20:00:00,1677.5,1677.59,1674.14,1675.65,26459.813
2026-06-13 21:00:00,1675.66,1698.1,1674.0,1685.68,162423.453
2026-06-13 22:00:00,1685.67,1685.79,1680.72,1680.72,53997.877
2026-06-13 23:00:00,1680.73,1683.48,1677.3,1680.41,49201.978
2026-06-14 00:00:00,1680.42,1682.8,1678.0,1681.2,31193.771
2026-06-14 01:00:00,1681.21,1689.9,1679.32,1682.97,71770.628
2026-06-14 02:00:00,1682.97,1685.0,1680.72,1681.57,42142.313
2026-06-14 03:00:00,1681.57,1682.6,1678.85,1680.98,42089.591
2026-06-14 04:00:00,1680.99,1682.01,1675.34,1677.05,51063.016
2026-06-14 05:00:00,1677.06,1678.35,1673.11,1677.38,51590.355
2026-06-14 06:00:00,1677.37,1681.75,1674.35,1675.56,91804.288
2026-06-14 07:00:00,1675.57,1676.7,1672.67,1674.92,58784.852
2026-06-14 08:00:00,1674.92,1677.98,1673.71,1674.8,44560.337
2026-06-14 09:00:00,1674.8,1678.4,1667.57,1677.61,134796.949
2026-06-14 10:00:00,1677.61,1677.82,1672.17,1672.2,44143.697
2026-06-14 11:00:00,1672.19,1676.26,1671.35,1672.74,45803.665
2026-06-14 12:00:00,1672.74,1673.88,1664.15,1666.07,115464.544
2026-06-14 13:00:00,1666.07,1668.21,1663.28,1665.58,81396.14600000001
2026-06-14 14:00:00,1665.58,1669.49,1653.36,1658.74,241034.842
2026-06-14 15:00:00,1658.73,1664.0,1658.64,1662.04,109403.257
2026-06-14 16:00:00,1662.05,1667.95,1659.0,1660.71,101089.002
2026-06-14 17:00:00,1660.7,1666.0,1660.01,1661.42,71628.183
2026-06-14 18:00:00,1661.42,1662.7,1658.08,1661.3,51491.998
2026-06-14 19:00:00,1661.3,1667.32,1660.26,1664.64,43009.872
2026-06-14 20:00:00,1664.64,1673.54,1661.63,1669.51,90219.383
2026-06-14 21:00:00,1669.52,1732.0,1669.08,1717.9,775836.462
2026-06-14 22:00:00,1717.9,1728.36,1711.34,1721.66,322078.396
2026-06-14 23:00:00,1721.67,1725.69,1715.71,1724.74,173073.313
2026-06-15 00:00:00,1724.74,1731.76,1718.85,1720.05,193610.882
2026-06-15 01:00:00,1720.05,1721.4,1708.45,1714.96,183697.236
2026-06-15 02:00:00,1714.96,1726.26,1713.24,1715.85,103820.215
2026-06-15 03:00:00,1715.84,1723.59,1714.5,1720.12,105370.24
2026-06-15 04:00:00,1720.11,1720.11,1715.15,1716.29,127529.39
2026-06-15 05:00:00,1716.28,1722.0,1715.04,1719.88,84153.393
2026-06-15 06:00:00,1719.88,1722.4,1717.35,1719.11,67366.397
2026-06-15 07:00:00,1719.12,1723.09,1715.43,1715.58,99531.153
2026-06-15 08:00:00,1715.57,1721.0,1714.2,1719.51,79805.724
2026-06-15 09:00:00,1719.51,1726.53,1711.27,1717.65,209652.884
2026-06-15 10:00:00,1717.64,1750.0,1717.26,1736.79,436275.986
2026-06-15 11:00:00,1736.78,1770.0,1733.14,1763.78,656671.138
2026-06-15 12:00:00,1763.78,1777.37,1759.35,1776.6,382090.81
2026-06-15 13:00:00,1776.6,1826.86,1773.47,1813.3,1159833.055
2026-06-15 14:00:00,1813.3,1817.75,1804.02,1813.66,281443.101
2026-06-15 15:00:00,1813.65,1848.78,1812.36,1844.55,582265.708
2026-06-15 16:00:00,1844.55,1846.89,1836.66,1841.89,307025.88
2026-06-15 17:00:00,1841.88,1841.89,1822.74,1828.3,297538.819
2026-06-15 18:00:00,1828.31,1834.92,1824.75,1827.05,116551.232
2026-06-15 19:00:00,1827.06,1833.72,1810.5,1820.94,257353.641
2026-06-15 20:00:00,1820.94,1825.87,1814.17,1816.1,86876.109
2026-06-15 21:00:00,1816.1,1821.47,1808.62,1810.56,98328.955
2026-06-15 22:00:00,1810.57,1812.8,1786.01,1788.79,302944.668
2026-06-15 23:00:00,1788.79,1796.96,1781.87,1795.16,183958.159
2026-06-16 00:00:00,1795.15,1801.86,1787.96,1788.6,153069.038
2026-06-16 01:00:00,1788.61,1796.45,1788.19,1791.25,79754.917
2026-06-16 02:00:00,1791.26,1793.26,1766.2,1769.36,341617.146
2026-06-16 03:00:00,1769.36,1779.83,1763.87,1778.22,213798.985
2026-06-16 04:00:00,1778.21,1782.37,1757.36,1759.71,290434.16500000004
2026-06-16 05:00:00,1759.71,1765.28,1759.21,1761.22,160622.915
2026-06-16 06:00:00,1761.22,1773.19,1761.22,1770.39,166030.74300000002
2026-06-16 07:00:00,1770.39,1775.89,1768.18,1773.23,104862.543
2026-06-16 08:00:00,1773.23,1807.32,1772.2,1802.25,379151.915
2026-06-16 09:00:00,1802.26,1804.97,1786.12,1788.83,233454.6
2026-06-16 10:00:00,1788.83,1799.82,1787.55,1793.09,151659.947
2026-06-16 11:00:00,1793.09,1799.76,1790.12,1798.73,91771.197
2026-06-16 12:00:00,1798.73,1839.54,1795.78,1814.05,631172.437
2026-06-16 13:00:00,1814.04,1816.44,1790.39,1797.12,462233.465
2026-06-16 14:00:00,1797.11,1805.0,1762.17,1779.51,648216.598
2026-06-16 15:00:00,1779.52,1787.72,1773.32,1781.41,260232.376
2026-06-16 16:00:00,1781.41,1784.75,1771.79,1776.96,170323.959
2026-06-16 17:00:00,1776.97,1798.82,1776.29,1794.24,179806.625
2026-06-16 18:00:00,1794.24,1807.71,1791.77,1798.48,231005.188
2026-06-16 19:00:00,1798.47,1800.37,1789.01,1794.63,134387.75
2026-06-16 20:00:00,1794.63,1798.1,1788.3,1797.12,83392.594
2026-06-16 21:00:00,1797.12,1799.82,1789.65,1795.41,61696.551
2026-06-16 22:00:00,1795.42,1798.66,1790.0,1795.29,65538.836
2026-06-16 23:00:00,1795.3,1798.0,1790.26,1792.32,51548.305
2026-06-17 00:00:00,1792.33,1798.28,1791.04,1793.36,61156.469000000005
2026-06-17 01:00:00,1793.36,1798.25,1778.48,1796.95,185840.332
2026-06-17 02:00:00,1796.95,1809.67,1787.51,1794.63,183598.429
2026-06-17 03:00:00,1794.63,1796.51,1786.38,1792.83,87754.465
2026-06-17 04:00:00,1792.83,1801.41,1791.15,1793.5,65848.604
2026-06-17 05:00:00,1793.5,1798.62,1788.18,1793.21,84950.017
2026-06-17 06:00:00,1793.2,1796.45,1785.27,1789.46,106965.655
2026-06-17 07:00:00,1789.46,1791.79,1777.52,1784.4,156456.72699999998
2026-06-17 08:00:00,1784.39,1785.68,1759.14,1764.57,326946.764
2026-06-17 09:00:00,1764.56,1777.0,1764.18,1772.29,177613.01799999998
2026-06-17 10:00:00,1772.29,1775.44,1766.21,1767.67,94376.399
2026-06-17 11:00:00,1767.66,1770.0,1758.0,1763.22,206353.795
2026-06-17 12:00:00,1763.22,1765.28,1741.31,1758.25,457970.678
2026-06-17 13:00:00,1758.25,1771.35,1753.75,1760.14,294785.128
2026-06-17 14:00:00,1760.13,1764.73,1740.36,1754.1,303836.343
2026-06-17 15:00:00,1754.1,1776.5,1750.31,1772.54,252001.036
2026-06-17 16:00:00,1772.54,1791.39,1768.51,1770.99,309649.472
2026-06-17 17:00:00,1771.0,1795.58,1766.37,1788.48,198986.129
2026-06-17 18:00:00,1788.45,1788.58,1745.16,1769.25,823431.5
2026-06-17 19:00:00,1769.25,1774.74,1728.24,1734.02,674590.162
2026-06-17 20:00:00,1734.02,1747.26,1732.28,1746.54,199348.066
2026-06-17 21:00:00,1746.54,1747.47,1735.66,1738.26,92577.358
2026-06-17 22:00:00,1738.25,1745.91,1724.22,1739.62,159966.49599999998
2026-06-17 23:00:00,1739.63,1751.14,1739.25,1749.56,84341.97
2026-06-18 00:00:00,1749.57,1758.74,1749.03,1752.13,113012.79
2026-06-18 01:00:00,1752.13,1762.34,1751.82,1754.21,101246.379
2026-06-18 02:00:00,1754.22,1758.5,1749.21,1754.94,75886.133
2026-06-18 03:00:00,1754.94,1755.31,1740.22,1743.27,156644.596
2026-06-18 04:00:00,1743.27,1745.0,1728.77,1729.71,197202.015
2026-06-18 05:00:00,1729.71,1732.26,1720.9,1730.07,208815.466
2026-06-18 06:00:00,1730.07,1736.31,1724.52,1734.7,158600.053
2026-06-18 07:00:00,1734.71,1752.7,1732.04,1748.89,217208.616
2026-06-18 08:00:00,1748.89,1752.74,1745.37,1747.13,169531.667
2026-06-18 09:00:00,1747.13,1751.2,1741.5,1745.56,115439.32
2026-06-18 10:00:00,1745.55,1752.47,1738.62,1746.1,150307.196
2026-06-18 11:00:00,1746.1,1748.59,1738.08,1742.32,108676.897
2026-06-18 12:00:00,1742.33,1752.47,1740.83,1749.35,118650.747
2026-06-18 13:00:00,1749.35,1751.47,1728.33,1735.88,280389.754
2026-06-18 14:00:00,1735.87,1744.67,1728.66,1738.96,293857.619
2026-06-18 15:00:00,1738.95,1739.37,1678.05,1681.21,1037209.354
2026-06-18 16:00:00,1681.2,1692.28,1679.07,1686.12,410007.823
2026-06-18 17:00:00,1686.13,1686.97,1670.56,1678.59,358459.09
2026-06-18 18:00:00,1678.59,1688.53,1675.52,1684.48,158963.083
2026-06-18 19:00:00,1684.48,1706.86,1682.0,1704.79,235484.468
2026-06-18 20:00:00,1704.8,1716.64,1704.8,1709.81,185951.89
2026-06-18 21:00:00,1709.82,1711.29,1700.74,1707.68,111883.299
2026-06-18 22:00:00,1707.67,1707.92,1699.11,1706.01,65025.816
2026-06-18 23:00:00,1706.0,1711.88,1702.0,1710.18,67011.386
2026-06-19 00:00:00,1710.18,1715.42,1708.0,1712.99,73082.97
2026-06-19 01:00:00,1713.0,1718.83,1705.19,1712.79,111796.772
2026-06-19 02:00:00,1712.79,1714.61,1700.05,1706.28,108559.198
2026-06-19 03:00:00,1706.29,1707.59,1680.03,1696.62,346621.457
2026-06-19 04:00:00,1696.63,1702.0,1684.66,1688.7,175498.793
2026-06-19 05:00:00,1688.7,1696.97,1688.54,1696.61,97452.885
2026-06-19 06:00:00,1696.62,1702.88,1695.19,1699.42,109057.284
2026-06-19 07:00:00,1699.42,1700.27,1689.07,1695.14,124498.463
2026-06-19 08:00:00,1695.15,1698.47,1692.79,1697.32,79345.617
2026-06-19 09:00:00,1697.31,1699.17,1687.81,1688.51,118684.044
2026-06-19 10:00:00,1688.5,1693.92,1686.23,1691.83,80566.231
2026-06-19 11:00:00,1691.82,1693.5,1687.82,1691.05,47962.315
2026-06-19 12:00:00,1691.05,1695.53,1678.17,1694.47,208565.61
2026-06-19 13:00:00,1694.48,1711.6,1686.64,1702.38,280589.321
2026-06-19 14:00:00,1702.38,1709.29,1695.36,1706.07,158376.025
2026-06-19 15:00:00,1706.06,1711.65,1697.12,1706.92,152740.653
2026-06-19 16:00:00,1706.92,1711.0,1693.83,1695.82,141271.179
2026-06-19 17:00:00,1695.82,1705.95,1692.43,1703.82,128130.763
2026-06-19 18:00:00,1703.82,1704.7,1697.25,1701.86,51724.874
2026-06-19 19:00:00,1701.85,1703.86,1697.26,1700.44,39018.652
2026-06-19 20:00:00,1700.44,1708.65,1697.82,1708.0,54392.449
2026-06-19 21:00:00,1707.99,1708.0,1700.37,1701.14,44352.992
2026-06-19 22:00:00,1701.13,1709.68,1699.51,1707.0,67338.504
2026-06-19 23:00:00,1707.0,1714.7,1704.19,1710.31,63233.201
2026-06-20 00:00:00,1710.3,1717.72,1707.56,1708.01,94208.024
2026-06-20 01:00:00,1708.0,1712.7,1705.78,1709.18,56164.343
2026-06-20 02:00:00,1709.18,1709.9,1703.13,1703.95,53977.352
2026-06-20 03:00:00,1703.95,1708.84,1703.8,1707.37,24729.567
2026-06-20 04:00:00,1707.37,1714.98,1705.59,1712.69,73654.948
2026-06-20 05:00:00,1712.7,1733.0,1711.5,1725.26,326909.253
2026-06-20 06:00:00,1725.26,1729.0,1723.13,1726.89,80535.83
2026-06-20 07:00:00,1726.88,1728.75,1722.1,1725.16,61979.361
2026-06-20 08:00:00,1725.17,1726.29,1720.3,1722.18,77540.081
2026-06-20 09:00:00,1722.18,1729.41,1722.18,1727.66,82027.173
2026-06-20 10:00:00,1727.66,1728.8,1724.54,1726.91,44333.978
2026-06-20 11:00:00,1726.9,1731.1,1725.0,1726.37,50383.182
2026-06-20 12:00:00,1726.38,1729.75,1722.72,1725.96,65198.642
2026-06-20 13:00:00,1725.97,1726.26,1711.54,1716.56,198643.645
2026-06-20 14:00:00,1716.56,1746.63,1707.11,1732.76,416740.426
2026-06-20 15:00:00,1732.76,1749.13,1728.15,1739.89,321456.652
2026-06-20 16:00:00,1739.9,1740.27,1729.92,1733.06,93850.456
2026-06-20 17:00:00,1733.07,1733.07,1720.01,1726.1,122825.892
2026-06-20 18:00:00,1726.1,1731.51,1725.18,1725.78,52226.577
2026-06-20 19:00:00,1725.79,1729.42,1724.23,1728.37,68460.94
2026-06-20 20:00:00,1728.37,1730.48,1725.51,1729.99,30227.146
2026-06-20 21:00:00,1729.98,1737.49,1729.44,1734.55,95828.982
2026-06-20 22:00:00,1734.55,1745.72,1732.23,1742.49,147707.509
2026-06-20 23:00:00,1742.5,1742.94,1739.55,1740.0,63640.17
2026-06-21 00:00:00,1740.0,1740.08,1735.29,1737.0,60996.742
2026-06-21 01:00:00,1737.0,1739.36,1733.36,1736.13,42357.21
2026-06-21 02:00:00,1736.13,1737.36,1734.78,1735.34,23354.519
2026-06-21 03:00:00,1735.35,1740.57,1732.62,1737.03,58224.291
2026-06-21 04:00:00,1737.03,1740.68,1730.73,1732.06,63433.973
2026-06-21 05:00:00,1732.06,1735.54,1728.49,1732.57,57036.841
2026-06-21 06:00:00,1732.57,1737.86,1731.66,1735.23,42780.874
2026-06-21 07:00:00,1735.23,1735.45,1730.88,1731.45,37569.865
2026-06-21 08:00:00,1731.45,1732.36,1722.82,1728.29,97139.653
2026-06-21 09:00:00,1728.29,1733.63,1725.0,1731.98,69855.67199999999
2026-06-21 10:00:00,1731.99,1736.31,1730.04,1730.56,63342.178
2026-06-21 11:00:00,1730.57,1733.94,1717.19,1724.66,169410.64200000002
2026-06-21 12:00:00,1724.66,1726.29,1716.0,1725.14,186239.962
2026-06-21 13:00:00,1725.14,1727.82,1721.08,1724.23,85955.7
2026-06-21 14:00:00,1724.22,1727.93,1721.0,1727.81,48607.306
2026-06-21 15:00:00,1727.81,1731.86,1726.1,1729.85,90393.767
2026-06-21 16:00:00,1729.85,1729.85,1721.13,1727.44,89543.358
2026-06-21 17:00:00,1727.44,1730.85,1725.21,1726.49,44642.457
2026-06-21 18:00:00,1726.48,1737.13,1720.82,1734.55,118519.695
2026-06-21 19:00:00,1734.54,1738.42,1732.68,1733.31,49926.773
2026-06-21 20:00:00,1733.31,1734.6,1716.01,1720.56,116866.778
2026-06-21 21:00:00,1720.57,1723.96,1700.37,1717.59,303444.945
2026-06-21 22:00:00,1717.58,1720.63,1707.35,1717.01,139419.072
2026-06-21 23:00:00,1717.0,1717.0,1703.44,1706.31,119294.198
2026-06-22 00:00:00,1706.3,1731.92,1706.1,1726.19,214879.243
2026-06-22 01:00:00,1726.19,1759.35,1723.68,1742.9,417011.069
2026-06-22 02:00:00,1742.91,1744.57,1736.35,1736.36,106471.805
2026-06-22 03:00:00,1736.35,1740.42,1725.57,1729.31,177321.823
2026-06-22 04:00:00,1729.31,1735.21,1726.77,1734.39,82849.033
2026-06-22 05:00:00,1734.4,1738.88,1733.25,1736.1,110092.303
2026-06-22 06:00:00,1736.1,1739.62,1732.28,1734.15,65068.002
2026-06-22 07:00:00,1734.15,1750.93,1733.94,1745.76,184888.893
2026-06-22 08:00:00,1745.76,1752.0,1742.56,1746.91,94636.173
2026-06-22 09:00:00,1746.92,1749.8,1742.78,1745.35,59356.666
2026-06-22 10:00:00,1745.34,1750.85,1744.45,1748.01,58528.02
2026-06-22 11:00:00,1748.0,1774.19,1746.51,1766.94,350846.087
2026-06-22 12:00:00,1766.95,1771.34,1760.34,1763.26,200774.035
2026-06-22 13:00:00,1763.27,1779.0,1761.02,1776.92,298667.896
2026-06-22 14:00:00,1776.92,1777.35,1749.23,1753.74,414905.756
2026-06-22 15:00:00,1753.75,1757.29,1741.13,1744.02,212437.857
2026-06-22 16:00:00,1744.02,1745.55,1732.6,1739.39,276681.195
2026-06-22 17:00:00,1739.4,1742.48,1730.2,1740.38,150520.971
2026-06-22 18:00:00,1740.38,1746.99,1728.3,1732.61,241967.653
2026-06-22 19:00:00,1732.62,1736.2,1727.41,1733.69,144349.681
2026-06-22 20:00:00,1733.69,1739.6,1730.13,1733.81,85422.30099999999
2026-06-22 21:00:00,1733.81,1736.84,1725.76,1732.15,72383.306
2026-06-22 22:00:00,1732.14,1735.28,1716.01,1723.48,186932.315
2026-06-22 23:00:00,1723.48,1729.94,1720.51,1727.32,110861.668
2026-06-23 00:00:00,1727.32,1731.3,1718.61,1730.42,92509.059
2026-06-23 01:00:00,1730.41,1735.63,1720.24,1729.82,117095.942
2026-06-23 02:00:00,1729.82,1734.36,1725.4,1731.91,49996.008
2026-06-23 03:00:00,1731.91,1732.38,1725.02,1729.1,53511.602
2026-06-23 04:00:00,1729.09,1730.49,1716.61,1718.44,112850.198
2026-06-23 05:00:00,1718.44,1720.64,1709.09,1712.78,222335.224
2026-06-23 06:00:00,1712.78,1713.02,1680.0,1691.29,544347.734
2026-06-23 07:00:00,1691.29,1695.67,1681.01,1681.96,170294.206
2026-06-23 08:00:00,1681.97,1683.88,1633.33,1647.36,907983.564
2026-06-23 09:00:00,1647.35,1653.5,1647.15,1649.94,134610.075
2026-06-23 10:00:00,1649.95,1657.96,1648.3,1651.75,130714.005
2026-06-23 11:00:00,1651.75,1662.91,1651.66,1659.93,159570.231
2026-06-23 12:00:00,1659.93,1661.57,1652.75,1653.63,115281.098
2026-06-23 13:00:00,1653.65,1663.33,1643.66,1662.06,391789.402
2026-06-23 14:00:00,1662.06,1672.0,1657.05,1661.26,299639.605
2026-06-23 15:00:00,1661.27,1662.74,1650.3,1658.9,164913.272
2026-06-23 16:00:00,1658.9,1673.6,1656.85,1658.55,214387.869
2026-06-23 17:00:00,1658.55,1664.21,1653.57,1656.03,88778.942
2026-06-23 18:00:00,1656.03,1659.85,1649.03,1654.65,103501.653
2026-06-23 19:00:00,1654.65,1663.3,1654.59,1661.96,71873.202
2026-06-23 20:00:00,1661.97,1666.99,1660.46,1663.4,57686.585
2026-06-23 21:00:00,1663.4,1667.8,1662.77,1666.05,45334.764
2026-06-23 22:00:00,1666.04,1672.12,1662.22,1663.84,75774.663
2026-06-23 23:00:00,1663.83,1668.75,1659.27,1666.4,90889.198
2026-06-24 00:00:00,1666.4,1674.09,1665.77,1670.55,88933.459
2026-06-24 01:00:00,1670.55,1679.92,1665.14,1671.97,134222.52
2026-06-24 02:00:00,1671.96,1672.86,1662.51,1663.01,94862.923
2026-06-24 03:00:00,1663.0,1669.19,1657.04,1666.03,118977.15
2026-06-24 04:00:00,1666.02,1670.43,1657.19,1668.12,86462.876
2026-06-24 05:00:00,1668.12,1678.98,1666.95,1673.76,124575.225
2026-06-24 06:00:00,1673.76,1676.33,1669.66,1674.22,61096.605
2026-06-24 07:00:00,1674.22,1678.0,1670.03,1672.38,94504.143
2026-06-24 08:00:00,1672.39,1674.55,1668.37,1672.56,62198.65
2026-06-24 09:00:00,1672.56,1672.56,1664.49,1666.46,63403.935
2026-06-24 10:00:00,1666.46,1667.59,1662.17,1662.9,91756.14
2026-06-24 11:00:00,1662.9,1692.0,1654.53,1678.65,371485.766
2026-06-24 12:00:00,1678.64,1680.67,1669.27,1670.82,146957.431
2026-06-24 13:00:00,1670.83,1671.56,1640.01,1644.54,656574.699
2026-06-24 14:00:00,1644.54,1656.7,1637.0,1646.69,396273.174
2026-06-24 15:00:00,1646.69,1650.66,1616.0,1617.46,556988.914
2026-06-24 16:00:00,1617.46,1636.0,1583.8,1589.07,943790.806
2026-06-24 17:00:00,1589.06,1596.84,1551.0,1559.3,884030.14
2026-06-24 18:00:00,1559.3,1583.9,1555.36,1571.42,433718.214
2026-06-24 19:00:00,1571.42,1584.69,1565.8,1583.72,220043.835
2026-06-24 20:00:00,1583.72,1621.38,1579.0,1613.0,454713.377
2026-06-24 21:00:00,1613.0,1621.15,1605.12,1620.44,133343.40600000002
2026-06-24 22:00:00,1620.44,1629.15,1612.77,1614.75,116799.682
2026-06-24 23:00:00,1614.75,1622.89,1612.9,1621.54,59919.271
2026-06-25 00:00:00,1621.55,1625.98,1615.63,1618.23,113248.167
2026-06-25 01:00:00,1618.23,1623.4,1613.67,1619.95,86783.423
2026-06-25 02:00:00,1619.96,1620.77,1614.09,1620.07,70338.73300000001
2026-06-25 03:00:00,1620.06,1623.46,1615.31,1618.89,80048.729
2026-06-25 04:00:00,1618.89,1636.1,1616.22,1634.25,157565.502
2026-06-25 05:00:00,1634.25,1651.9,1632.79,1645.0,437138.816
2026-06-25 06:00:00,1645.01,1660.56,1643.32,1653.21,191278.288
2026-06-25 07:00:00,1653.22,1659.0,1650.35,1656.44,148110.812
2026-06-25 08:00:00,1656.44,1658.33,1650.16,1652.09,110145.725
2026-06-25 09:00:00,1652.09,1654.49,1645.71,1648.1,126805.662
2026-06-25 10:00:00,1648.1,1649.06,1632.08,1635.87,200739.088
2026-06-25 11:00:00,1635.88,1638.48,1627.07,1632.26,236887.093
2026-06-25 12:00:00,1632.26,1649.69,1623.0,1634.91,349011.20900000003
2026-06-25 13:00:00,1634.91,1640.07,1530.0,1537.01,1237875.315
2026-06-25 14:00:00,1537.0,1593.65,1537.0,1567.44,1259824.837
2026-06-25 15:00:00,1567.44,1572.86,1543.27,1569.43,541925.496
2026-06-25 16:00:00,1569.42,1587.0,1557.24,1561.24,385922.138
2026-06-25 17:00:00,1561.24,1574.74,1556.56,1574.22,219763.294
2026-06-25 18:00:00,1574.22,1576.77,1559.35,1566.92,214267.554
2026-06-25 19:00:00,1566.92,1567.18,1553.81,1558.82,171814.225
2026-06-25 20:00:00,1558.83,1569.95,1556.0,1559.56,155407.874
2026-06-25 21:00:00,1559.57,1582.55,1559.43,1579.87,137135.274
2026-06-25 22:00:00,1579.86,1583.0,1565.63,1569.48,140082.942
2026-06-25 23:00:00,1569.47,1579.0,1563.55,1566.97,133764.857
2026-06-26 00:00:00,1566.98,1571.12,1562.41,1563.79,86655.759
2026-06-26 01:00:00,1563.79,1567.96,1554.33,1559.28,123880.282
2026-06-26 02:00:00,1559.28,1560.22,1518.27,1523.68,690544.721
2026-06-26 03:00:00,1523.69,1563.27,1510.87,1557.07,654733.667
2026-06-26 04:00:00,1557.07,1560.39,1546.51,1548.99,182099.917
2026-06-26 05:00:00,1549.0,1558.79,1547.63,1554.89,132137.096
2026-06-26 06:00:00,1554.89,1573.32,1542.28,1570.15,344493.032
2026-06-26 07:00:00,1570.15,1585.55,1569.86,1579.82,296656.925
2026-06-26 08:00:00,1579.81,1581.34,1562.78,1565.92,252624.991
2026-06-26 09:00:00,1565.93,1566.74,1548.42,1552.08,257262.589
2026-06-26 10:00:00,1552.09,1555.25,1544.0,1547.5,224207.022
2026-06-26 11:00:00,1547.5,1554.49,1540.0,1544.4,192800.953
2026-06-26 12:00:00,1544.4,1559.75,1526.74,1535.54,568803.0920000001
2026-06-26 13:00:00,1535.55,1570.97,1520.34,1568.81,672662.922
2026-06-26 14:00:00,1568.81,1574.8,1552.79,1559.32,491733.589
2026-06-26 15:00:00,1559.32,1587.65,1558.81,1579.32,471355.047
2026-06-26 16:00:00,1579.32,1594.89,1571.5,1577.07,347882.62
2026-06-26 17:00:00,1577.07,1588.92,1575.85,1581.16,161400.429
2026-06-26 18:00:00,1581.16,1584.99,1569.67,1572.63,106666.214
2026-06-26 19:00:00,1572.63,1583.54,1569.66,1573.82,119235.685
2026-06-26 20:00:00,1573.92,1582.67,1567.12,1570.15,151325.908
2026-06-26 21:00:00,1570.15,1578.78,1567.59,1574.47,54142.599
2026-06-26 22:00:00,1574.47,1578.95,1568.53,1577.21,59328.775
2026-06-26 23:00:00,1577.2,1580.24,1573.47,1577.86,54892.817
2026-06-27 00:00:00,1577.85,1581.39,1570.66,1575.93,75303.457
2026-06-27 01:00:00,1575.92,1576.96,1573.08,1575.06,25819.184
2026-06-27 02:00:00,1575.06,1586.42,1573.79,1582.29,94076.729
2026-06-27 03:00:00,1582.28,1584.31,1577.56,1579.77,57029.529
2026-06-27 04:00:00,1579.77,1584.71,1578.19,1578.85,50260.644
2026-06-27 05:00:00,1578.85,1580.5,1576.27,1577.84,43358.728
2026-06-27 06:00:00,1577.84,1584.0,1574.39,1582.0,66609.284
2026-06-27 07:00:00,1581.99,1585.7,1579.84,1584.75,66810.99
2026-06-27 08:00:00,1584.75,1585.19,1580.76,1583.31,40067.145
2026-06-27 09:00:00,1583.31,1584.13,1578.55,1582.0,38893.262
2026-06-27 10:00:00,1581.99,1584.18,1581.32,1583.41,34112.381
2026-06-27 11:00:00,1583.4,1584.41,1578.08,1583.13,56587.975
2026-06-27 12:00:00,1583.13,1585.77,1580.55,1585.18,54849.249
2026-06-27 13:00:00,1585.19,1592.37,1584.17,1591.41,116353.808
2026-06-27 14:00:00,1591.4,1598.63,1588.65,1593.84,130432.153
2026-06-27 15:00:00,1593.85,1610.44,1593.2,1604.87,265155.645
2026-06-27 16:00:00,1604.86,1607.3,1600.74,1606.31,79906.19
2026-06-27 17:00:00,1606.31,1606.4,1587.73,1590.4,257375.464
2026-06-27 18:00:00,1590.41,1593.89,1588.3,1593.12,50224.932
2026-06-27 19:00:00,1593.12,1594.44,1571.98,1577.52,254694.895
2026-06-27 20:00:00,1577.52,1582.56,1577.52,1580.61,53846.02
2026-06-27 21:00:00,1580.61,1584.61,1573.27,1574.49,81657.723
2026-06-27 22:00:00,1574.49,1578.78,1561.69,1578.16,163572.133
2026-06-27 23:00:00,1578.17,1580.85,1569.41,1573.1,99922.058
2026-06-28 00:00:00,1573.1,1577.47,1571.81,1574.0,62750.597
2026-06-28 01:00:00,1574.01,1576.25,1569.02,1574.35,52615.714
2026-06-28 02:00:00,1574.36,1579.28,1568.27,1571.12,67359.177
2026-06-28 03:00:00,1571.13,1575.44,1571.13,1574.27,33811.904
2026-06-28 04:00:00,1574.27,1576.65,1569.56,1573.45,45151.115
2026-06-28 05:00:00,1573.44,1573.61,1563.05,1568.31,130618.95
2026-06-28 06:00:00,1568.31,1569.74,1561.59,1566.91,107052.374
2026-06-28 07:00:00,1566.91,1576.34,1566.91,1575.02,85692.036
2026-06-28 08:00:00,1575.03,1584.67,1572.7,1580.51,136163.851
2026-06-28 09:00:00,1580.51,1585.69,1577.46,1578.02,72048.852
2026-06-28 10:00:00,1578.03,1580.8,1571.38,1576.46,87630.929
2026-06-28 11:00:00,1576.47,1583.29,1575.13,1582.1,68017.602
2026-06-28 12:00:00,1582.1,1588.27,1577.26,1582.79,99251.774
2026-06-28 13:00:00,1582.78,1582.93,1574.01,1578.82,101454.869
2026-06-28 14:00:00,1578.82,1585.67,1577.32,1580.63,83102.978
2026-06-28 15:00:00,1580.63,1584.63,1576.24,1580.0,100861.856
2026-06-28 16:00:00,1580.0,1581.14,1565.77,1572.21,187760.941
2026-06-28 17:00:00,1572.2,1576.81,1562.74,1571.58,151399.608
2026-06-28 18:00:00,1571.57,1574.72,1568.43,1571.01,66136.82
2026-06-28 19:00:00,1571.02,1573.82,1555.62,1563.78,162187.656
2026-06-28 20:00:00,1563.78,1575.88,1563.51,1572.49,104309.571
2026-06-28 21:00:00,1572.49,1573.24,1558.13,1562.76,93056.063
2026-06-28 22:00:00,1562.77,1582.0,1547.0,1556.09,338749.778
2026-06-28 23:00:00,1556.09,1579.57,1554.35,1571.1,182826.366
2026-06-29 00:00:00,1571.11,1574.25,1551.0,1572.65,258274.001
2026-06-29 01:00:00,1572.65,1573.75,1559.11,1567.81,134769.362
2026-06-29 02:00:00,1567.82,1578.55,1549.08,1575.83,309467.425
2026-06-29 03:00:00,1575.84,1588.92,1575.84,1583.97,218003.886
2026-06-29 04:00:00,1583.98,1584.23,1573.68,1574.77,91895.819
2026-06-29 05:00:00,1574.77,1582.4,1561.16,1582.38,224841.425
2026-06-29 06:00:00,1582.39,1588.58,1579.09,1582.25,163925.419
2026-06-29 07:00:00,1582.26,1584.33,1577.06,1579.36,68966.52
2026-06-29 08:00:00,1579.36,1581.63,1569.28,1572.27,142906.987
2026-06-29 09:00:00,1572.27,1579.87,1569.58,1575.46,96099.755
2026-06-29 10:00:00,1575.47,1586.55,1575.47,1577.68,124438.054
2026-06-29 11:00:00,1577.67,1581.89,1569.44,1574.16,174193.54
2026-06-29 12:00:00,1574.16,1597.0,1565.44,1575.27,650818.622
2026-06-29 13:00:00,1575.27,1588.04,1564.0,1572.21,462115.207
2026-06-29 14:00:00,1572.23,1578.62,1556.54,1572.37,384202.357
2026-06-29 15:00:00,1572.36,1585.42,1560.57,1579.48,381415.317
2026-06-29 16:00:00,1579.49,1587.04,1573.33,1584.63,190693.905
2026-06-29 17:00:00,1584.63,1637.2,1584.63,1627.37,781611.158
2026-06-29 18:00:00,1627.38,1628.2,1617.79,1620.45,160630.521
2026-06-29 19:00:00,1620.46,1626.84,1615.5,1624.73,121315.922
2026-06-29 20:00:00,1624.74,1626.0,1616.48,1616.9,86256.368
2026-06-29 21:00:00,1616.89,1622.55,1610.75,1619.34,126235.277
2026-06-29 22:00:00,1619.34,1621.28,1611.63,1612.18,64732.761
2026-06-29 23:00:00,1612.18,1613.25,1606.74,1612.12,84806.256
2026-06-30 00:00:00,1612.12,1613.56,1591.6,1593.77,234649.445
2026-06-30 01:00:00,1593.77,1599.31,1588.12,1593.21,169738.789
2026-06-30 02:00:00,1593.21,1593.24,1585.64,1589.95,116616.518
2026-06-30 03:00:00,1589.94,1595.68,1585.72,1586.26,81355.86
2026-06-30 04:00:00,1586.26,1590.35,1578.64,1587.26,220855.227
2026-06-30 05:00:00,1587.25,1591.39,1584.29,1590.92,110181.473
2026-06-30 06:00:00,1590.92,1594.25,1588.1,1592.98,75109.08899999999
2026-06-30 07:00:00,1592.97,1595.79,1589.21,1591.64,64201.273
2026-06-30 08:00:00,1591.65,1593.59,1578.42,1583.27,178243.632
2026-06-30 09:00:00,1583.27,1586.47,1580.54,1584.77,83072.287
2026-06-30 10:00:00,1584.76,1586.33,1581.47,1583.8,48248.75
2026-06-30 11:00:00,1583.81,1585.53,1574.55,1577.87,165772.439
2026-06-30 12:00:00,1577.88,1577.88,1550.0,1551.81,486788.512
2026-06-30 13:00:00,1551.81,1566.92,1549.16,1566.58,477991.061
2026-06-30 14:00:00,1566.58,1577.46,1560.55,1562.85,345138.991
2026-06-30 15:00:00,1562.85,1576.36,1556.51,1564.56,238749.206
2026-06-30 16:00:00,1564.56,1574.43,1561.21,1571.74,141130.761
2026-06-30 17:00:00,1571.74,1576.6,1567.8,1570.26,87916.643
2026-06-30 18:00:00,1570.26,1581.62,1568.85,1578.45,124605.291
2026-06-30 19:00:00,1578.45,1581.37,1574.86,1579.78,77573.341
2026-06-30 20:00:00,1579.77,1582.23,1572.35,1575.37,75951.505
2026-06-30 21:00:00,1575.36,1576.57,1568.81,1571.1,66951.048
2026-06-30 22:00:00,1571.1,1574.63,1565.82,1566.61,82208.122
2026-06-30 23:00:00,1566.61,1572.43,1565.29,1571.47,74598.124
2026-07-01 00:00:00,1571.48,1576.17,1565.3,1574.35,85846.826
2026-07-01 01:00:00,1574.36,1585.95,1552.03,1577.22,372787.881
2026-07-01 02:00:00,1577.21,1588.92,1573.68,1585.71,196266.416
2026-07-01 03:00:00,1585.72,1598.98,1581.68,1594.07,239208.85
2026-07-01 04:00:00,1594.08,1604.4,1590.06,1598.57,155440.852
2026-07-01 05:00:00,1598.57,1600.21,1590.49,1591.89,139435.389
2026-07-01 06:00:00,1591.89,1592.39,1570.43,1575.48,312922.323
2026-07-01 07:00:00,1575.48,1580.56,1571.49,1577.7,113951.028
2026-07-01 08:00:00,1577.71,1581.75,1567.49,1581.75,158305.852
2026-07-01 09:00:00,1581.74,1584.49,1577.71,1580.44,121400.74
2026-07-01 10:00:00,1580.44,1581.09,1571.03,1572.66,94388.983
2026-07-01 11:00:00,1572.67,1575.19,1565.94,1569.02,98885.875
2026-07-01 12:00:00,1569.02,1571.91,1564.17,1569.39,152690.222
2026-07-01 13:00:00,1569.4,1597.72,1569.02,1596.42,479078.37
2026-07-01 14:00:00,1596.42,1616.6,1590.35,1600.44,662228.674
2026-07-01 15:00:00,1600.44,1630.72,1600.09,1619.26,555942.579
2026-07-01 16:00:00,1619.27,1628.65,1611.03,1613.86,228643.701
2026-07-01 17:00:00,1613.85,1624.32,1606.14,1622.1,210542.56
2026-07-01 18:00:00,1622.11,1623.73,1611.09,1615.7,143148.108
2026-07-01 19:00:00,1615.7,1623.36,1613.66,1617.14,101697.407
2026-07-01 20:00:00,1617.14,1619.83,1609.35,1617.11,119723.3
2026-07-01 21:00:00,1617.11,1638.4,1616.86,1631.19,226367.3
2026-07-01 22:00:00,1631.17,1645.86,1619.38,1620.98,314756.042
2026-07-01 23:00:00,1620.98,1620.98,1607.42,1608.87,156270.128
2026-07-02 00:00:00,1608.87,1609.07,1596.14,1602.71,202353.728
2026-07-02 01:00:00,1602.72,1624.65,1601.78,1619.88,203642.946
2026-07-02 02:00:00,1619.89,1623.88,1613.59,1620.0,116727.804
2026-07-02 03:00:00,1620.0,1643.47,1617.47,1638.85,308745.666
2026-07-02 04:00:00,1638.84,1639.4,1629.26,1632.14,130700.823
2026-07-02 05:00:00,1632.13,1634.39,1624.3,1625.97,96827.171
2026-07-02 06:00:00,1625.96,1629.22,1616.54,1618.23,145570.963
2026-07-02 07:00:00,1618.22,1619.19,1613.99,1615.56,144989.272
2026-07-02 08:00:00,1615.55,1625.5,1614.51,1624.24,167410.695
2026-07-02 09:00:00,1624.23,1652.0,1619.57,1642.63,552430.196
2026-07-02 10:00:00,1642.63,1648.84,1640.66,1645.41,200683.029
2026-07-02 11:00:00,1645.41,1654.36,1643.52,1649.41,270166.707
2026-07-02 12:00:00,1649.42,1670.0,1646.89,1661.97,487392.868
2026-07-02 13:00:00,1661.97,1713.89,1660.0,1710.16,1153757.159
2026-07-02 14:00:00,1710.17,1725.0,1692.0,1700.97,684333.446
2026-07-02 15:00:00,1700.96,1702.94,1687.51,1696.32,245198.124
2026-07-02 16:00:00,1696.33,1703.86,1685.04,1698.91,257285.25
2026-07-02 17:00:00,1698.92,1704.69,1693.34,1694.97,128348.682
2026-07-02 18:00:00,1694.97,1706.49,1694.35,1701.35,90856.364
2026-07-02 19:00:00,1701.36,1704.96,1694.0,1699.42,115736.245
2026-07-02 20:00:00,1699.41,1706.0,1695.33,1704.84,99752.153
2026-07-02 21:00:00,1704.83,1705.29,1696.3,1699.38,91491.443
2026-07-02 22:00:00,1699.39,1700.4,1693.1,1696.01,56268.542
2026-07-02 23:00:00,1696.0,1701.36,1691.3,1699.9,66775.988
2026-07-03 00:00:00,1699.89,1702.48,1693.68,1696.01,68579.757
2026-07-03 01:00:00,1696.01,1718.39,1694.55,1711.53,238706.216
2026-07-03 02:00:00,1711.52,1714.59,1695.3,1704.06,155266.611
2026-07-03 03:00:00,1704.06,1711.44,1698.68,1705.61,104162.81
2026-07-03 04:00:00,1705.61,1707.99,1701.74,1702.56,50543.195
2026-07-03 05:00:00,1702.56,1721.78,1701.63,1714.17,144598.336
2026-07-03 06:00:00,1714.16,1720.85,1712.04,1715.32,109109.722
2026-07-03 07:00:00,1715.31,1721.97,1713.0,1717.0,101004.552
2026-07-03 08:00:00,1717.0,1737.34,1714.9,1719.1,317161.591
2026-07-03 09:00:00,1719.11,1731.0,1716.19,1725.63,175783.95799999998
2026-07-03 10:00:00,1725.63,1748.67,1725.49,1741.51,398985.966
2026-07-03 11:00:00,1741.51,1747.65,1736.64,1741.66,176925.908
2026-07-03 12:00:00,1741.66,1744.4,1730.57,1735.66,176108.065
2026-07-03 13:00:00,1735.65,1753.36,1735.1,1747.4,265943.565
2026-07-03 14:00:00,1747.4,1747.41,1728.03,1736.51,274265.995
2026-07-03 15:00:00,1736.51,1745.52,1728.75,1730.37,261005.308
2026-07-03 16:00:00,1730.38,1734.79,1726.85,1732.87,100977.038
2026-07-03 17:00:00,1732.87,1741.41,1731.57,1737.53,125497.225
2026-07-03 18:00:00,1737.54,1740.5,1735.49,1738.09,50856.889
2026-07-03 19:00:00,1738.09,1752.97,1736.55,1744.78,236400.346
2026-07-03 20:00:00,1744.79,1773.78,1742.76,1765.43,396968.035
2026-07-03 21:00:00,1765.44,1775.5,1756.23,1762.87,168914.394
2026-07-03 22:00:00,1762.88,1763.33,1755.16,1756.87,64892.177
2026-07-03 23:00:00,1756.87,1761.42,1754.3,1757.41,48932.369
2026-07-04 00:00:00,1757.41,1763.39,1755.57,1758.01,77483.968
2026-07-04 01:00:00,1758.0,1758.01,1745.12,1747.13,146781.277
2026-07-04 02:00:00,1747.13,1750.58,1743.09,1748.64,66367.894
2026-07-04 03:00:00,1748.64,1755.97,1746.42,1753.14,79586.22200000001
2026-07-04 04:00:00,1753.14,1763.99,1751.26,1760.99,96498.297
2026-07-04 05:00:00,1761.0,1761.0,1752.5,1755.32,72207.071
2026-07-04 06:00:00,1755.33,1760.93,1750.51,1753.98,76540.731
2026-07-04 07:00:00,1753.98,1758.99,1752.09,1757.42,64262.614
2026-07-04 08:00:00,1757.43,1765.42,1756.59,1761.61,93166.685
2026-07-04 09:00:00,1761.62,1762.42,1754.08,1757.33,62485.997
2026-07-04 10:00:00,1757.33,1760.49,1756.22,1758.3,40411.821
2026-07-04 11:00:00,1758.3,1759.68,1755.37,1757.27,43424.04
2026-07-04 12:00:00,1757.28,1765.82,1757.27,1763.58,76379.721
2026-07-04 13:00:00,1763.58,1778.29,1760.67,1763.17,184192.233
2026-07-04 14:00:00,1763.18,1774.21,1763.02,1771.51,127491.611
2026-07-04 15:00:00,1771.52,1799.0,1771.46,1790.43,515978.581
2026-07-04 16:00:00,1790.44,1791.41,1782.38,1786.31,172544.631
2026-07-04 17:00:00,1786.3,1808.0,1778.08,1798.83,334074.346
2026-07-04 18:00:00,1798.84,1805.34,1791.0,1793.01,148635.655
2026-07-04 19:00:00,1793.02,1797.04,1787.53,1792.0,89100.442
2026-07-04 20:00:00,1792.0,1795.27,1782.8,1786.24,89403.581
2026-07-04 21:00:00,1786.23,1793.68,1785.36,1788.38,52605.231
2026-07-04 22:00:00,1788.37,1788.6,1781.33,1784.0,57535.467
2026-07-04 23:00:00,1784.0,1784.82,1770.88,1779.94,147981.372
2026-07-05 00:00:00,1779.94,1780.03,1767.9,1771.99,101254.877
2026-07-05 01:00:00,1772.0,1773.97,1760.17,1765.83,171267.122
2026-07-05 02:00:00,1765.83,1767.15,1756.04,1760.0,147502.02300000002
2026-07-05 03:00:00,1760.01,1763.16,1756.71,1760.65,71471.185
2026-07-05 04:00:00,1760.65,1771.99,1759.21,1766.73,122239.131
2026-07-05 05:00:00,1766.72,1767.01,1759.13,1765.19,76696.721
2026-07-05 06:00:00,1765.19,1767.54,1761.02,1763.9,48452.882
2026-07-05 07:00:00,1763.91,1771.51,1761.0,1769.17,81940.689
2026-07-05 08:00:00,1769.18,1772.69,1765.64,1766.82,58182.87
2026-07-05 09:00:00,1766.82,1767.05,1747.27,1757.37,239393.499
2026-07-05 10:00:00,1757.37,1761.35,1754.28,1760.75,79158.546
2026-07-05 11:00:00,1760.75,1764.52,1758.04,1759.39,59973.989
2026-07-05 12:00:00,1759.39,1768.88,1755.15,1764.26,94792.848
2026-07-05 13:00:00,1764.26,1767.04,1760.52,1765.49,55689.186
2026-07-05 14:00:00,1765.48,1772.37,1764.0,1771.67,75655.636
2026-07-05 15:00:00,1771.67,1781.18,1769.44,1773.89,190031.804
2026-07-05 16:00:00,1773.88,1776.95,1769.46,1772.1,68426.23300000001
2026-07-05 17:00:00,1772.11,1786.11,1772.11,1778.53,150450.43600000002
2026-07-05 18:00:00,1778.52,1786.35,1776.72,1780.32,70600.062
2026-07-05 19:00:00,1780.32,1783.83,1776.61,1780.67,47125.36
2026-07-05 20:00:00,1780.66,1782.9,1775.03,1776.43,45895.924
2026-07-05 21:00:00,1776.43,1792.99,1768.04,1786.11,192554.537
2026-07-05 22:00:00,1786.12,1807.77,1783.36,1789.3,334994.892
2026-07-05 23:00:00,1789.29,1802.17,1781.88,1785.07,168066.774
2026-07-06 00:00:00,1785.07,1793.79,1772.84,1792.67,200672.379
2026-07-06 01:00:00,1792.67,1798.4,1784.3,1785.43,127352.818
2026-07-06 02:00:00,1785.43,1789.69,1778.63,1782.88,106978.713
2026-07-06 03:00:00,1782.88,1784.48,1770.84,1778.92,140666.751
2026-07-06 04:00:00,1778.93,1785.06,1775.25,1777.03,81429.567
2026-07-06 05:00:00,1777.03,1777.52,1763.66,1773.42,191289.983
2026-07-06 06:00:00,1773.41,1774.72,1768.42,1768.75,92364.068
2026-07-06 07:00:00,1768.75,1774.83,1766.0,1771.42,98510.166
2026-07-06 08:00:00,1771.43,1777.96,1762.14,1764.97,133021.717
2026-07-06 09:00:00,1764.96,1765.38,1755.07,1757.93,172361.586
2026-07-06 10:00:00,1757.93,1773.55,1757.3,1770.22,155010.134
2026-07-06 11:00:00,1770.23,1774.77,1758.51,1758.51,141239.541
2026-07-06 12:00:00,1758.51,1760.0,1734.5,1740.11,792058.678
2026-07-06 13:00:00,1740.11,1752.99,1728.3,1744.04,534960.274
2026-07-06 14:00:00,1744.03,1762.58,1741.08,1751.08,291509.347
2026-07-06 15:00:00,1751.09,1788.26,1750.77,1787.72,543835.414
2026-07-06 16:00:00,1787.72,1804.5,1781.53,1791.9,534001.807
2026-07-06 17:00:00,1791.9,1799.86,1786.53,1787.47,186681.712
2026-07-06 18:00:00,1787.48,1795.71,1785.87,1791.91,101292.987
2026-07-06 19:00:00,1791.91,1798.31,1790.4,1791.81,92408.107
2026-07-06 20:00:00,1791.82,1795.7,1786.46,1792.3,78702.959
2026-07-06 21:00:00,1792.3,1833.0,1791.62,1814.3,524612.163
2026-07-06 22:00:00,1814.29,1816.11,1803.48,1805.54,110605.183
2026-07-06 23:00:00,1805.54,1809.46,1796.59,1798.84,108816.882
2026-07-07 00:00:00,1798.84,1809.87,1793.96,1802.8,138621.326
2026-07-07 01:00:00,1802.79,1802.91,1786.59,1791.81,209545.124
2026-07-07 02:00:00,1791.81,1793.68,1775.98,1777.69,225309.063
2026-07-07 03:00:00,1777.69,1780.82,1766.8,1770.7,169873.785
2026-07-07 04:00:00,1770.7,1772.81,1761.59,1765.67,149319.8
2026-07-07 05:00:00,1765.67,1772.77,1756.62,1769.67,207822.349
2026-07-07 06:00:00,1769.68,1782.23,1763.91,1778.48,193789.402
2026-07-07 07:00:00,1778.47,1782.0,1770.23,1770.54,138978.615
2026-07-07 08:00:00,1770.54,1774.82,1767.29,1769.81,94199.815
2026-07-07 09:00:00,1769.81,1782.3,1767.78,1777.3,122548.196
2026-07-07 10:00:00,1777.3,1784.0,1773.28,1775.09,107963.999
2026-07-07 11:00:00,1775.09,1784.34,1770.9,1779.9,98831.317
2026-07-07 12:00:00,1779.91,1793.77,1779.51,1781.31,225156.682
2026-07-07 13:00:00,1781.31,1782.71,1765.19,1768.05,332651.56
2026-07-07 14:00:00,1768.04,1792.44,1760.01,1788.76,384496.091
2026-07-07 15:00:00,1788.77,1802.86,1782.25,1796.66,314489.988
2026-07-07 16:00:00,1796.67,1812.85,1791.39,1801.41,245275.824
2026-07-07 17:00:00,1801.41,1809.74,1797.53,1809.67,122834.896
2026-07-07 18:00:00,1809.68,1809.72,1785.01,1785.6,216154.218
2026-07-07 19:00:00,1785.59,1791.48,1771.02,1789.59,273477.734
2026-07-07 20:00:00,1789.59,1792.27,1780.43,1783.32,76133.929
2026-07-07 21:00:00,1783.31,1788.61,1770.0,1772.84,128846.906
2026-07-07 22:00:00,1772.85,1777.9,1764.5,1774.42,127308.499
2026-07-07 23:00:00,1774.42,1780.39,1767.49,1770.67,67268.671
2026-07-08 00:00:00,1770.67,1784.16,1769.03,1779.72,112270.274
2026-07-08 01:00:00,1779.72,1780.14,1748.62,1755.11,327636.286
2026-07-08 02:00:00,1755.1,1758.83,1740.4,1756.89,274999.143
2026-07-08 03:00:00,1756.9,1763.14,1748.29,1750.78,130497.805
2026-07-08 04:00:00,1750.78,1757.32,1748.34,1755.59,81671.963
2026-07-08 05:00:00,1755.58,1759.0,1749.72,1753.34,66645.393
2026-07-08 06:00:00,1753.34,1754.5,1745.51,1751.01,112465.241
2026-07-08 07:00:00,1751.0,1756.6,1744.3,1755.74,132273.195
2026-07-08 08:00:00,1755.74,1757.96,1724.31,1734.76,611429.527
2026-07-08 09:00:00,1734.76,1740.45,1729.17,1735.3,166742.305
2026-07-08 10:00:00,1735.3,1741.78,1731.76,1738.67,92610.708
2026-07-08 11:00:00,1738.67,1751.14,1735.2,1747.36,203730.917
2026-07-08 12:00:00,1747.35,1750.68,1737.28,1737.79,156169.99
2026-07-08 13:00:00,1737.78,1743.59,1730.27,1736.98,251232.938
2026-07-08 14:00:00,1736.97,1740.32,1721.41,1728.88,357072.517
2026-07-08 15:00:00,1728.88,1729.75,1712.45,1722.08,343509.355
2026-07-08 16:00:00,1722.08,1737.7,1722.07,1735.61,199680.196
2026-07-08 17:00:00,1735.6,1745.8,1729.93,1732.28,185717.322
2026-07-08 18:00:00,1732.28,1740.48,1729.16,1736.69,99780.734
2026-07-08 19:00:00,1736.69,1740.98,1732.54,1740.34,78366.898
2026-07-08 20:00:00,1740.35,1740.7,1733.73,1735.72,56921.808
2026-07-08 21:00:00,1735.73,1739.29,1730.52,1737.39,60531.167
2026-07-08 22:00:00,1737.39,1742.79,1735.8,1740.5,42270.393
2026-07-08 23:00:00,1740.51,1744.14,1737.84,1742.68,48627.352
2026-07-09 00:00:00,1742.67,1743.99,1736.17,1737.4,64154.783
2026-07-09 01:00:00,1737.4,1755.28,1728.84,1731.0,230257.352
2026-07-09 02:00:00,1731.0,1738.9,1722.66,1726.51,153531.372
2026-07-09 03:00:00,1726.52,1733.8,1720.53,1729.9,107848.289
2026-07-09 04:00:00,1729.89,1743.07,1729.41,1741.69,101113.883
2026-07-09 05:00:00,1741.68,1748.88,1736.72,1748.69,144342.853
2026-07-09 06:00:00,1748.69,1754.96,1745.02,1754.51,175090.578
2026-07-09 07:00:00,1754.51,1762.52,1749.9,1752.47,190376.629
2026-07-09 08:00:00,1752.47,1758.3,1750.0,1753.56,87934.135
2026-07-09 09:00:00,1753.56,1755.76,1748.54,1755.0,75066.31599999999
2026-07-09 10:00:00,1755.0,1756.77,1743.18,1745.46,93539.349
2026-07-09 11:00:00,1745.47,1747.79,1740.26,1743.17,105606.403
2026-07-09 12:00:00,1743.18,1746.68,1733.98,1740.79,253882.246
2026-07-09 13:00:00,1740.79,1751.52,1735.0,1746.33,227508.746
2026-07-09 14:00:00,1746.34,1749.26,1732.49,1742.42,220930.513
2026-07-09 15:00:00,1742.42,1748.56,1736.53,1738.61,125545.301
2026-07-09 16:00:00,1738.61,1743.0,1731.1,1738.2,120013.986
2026-07-09 17:00:00,1738.21,1751.83,1737.62,1747.76,133903.59
2026-07-09 18:00:00,1747.75,1759.65,1746.53,1750.7,202110.508
2026-07-09 19:00:00,1750.71,1752.44,1746.0,1747.81,63471.586
2026-07-09 20:00:00,1747.81,1749.69,1744.05,1747.94,55648.37
2026-07-09 21:00:00,1747.94,1750.35,1744.25,1747.41,30669.938
2026-07-09 22:00:00,1747.41,1750.37,1745.33,1746.6,34255.213
2026-07-09 23:00:00,1746.6,1748.31,1740.65,1744.25,55442.51700000001
2026-07-10 00:00:00,1744.26,1745.86,1736.61,1742.25,92111.596
2026-07-10 01:00:00,1742.26,1776.97,1737.24,1767.0,318335.94800000003
2026-07-10 02:00:00,1767.0,1774.43,1763.73,1772.11,170125.132
2026-07-10 03:00:00,1772.11,1779.38,1768.44,1775.41,122953.746
2026-07-10 04:00:00,1775.4,1779.91,1770.94,1773.9,102227.956
2026-07-10 05:00:00,1773.89,1779.35,1771.51,1778.16,99294.613
2026-07-10 06:00:00,1778.15,1779.21,1768.29,1770.28,136932.596
2026-07-10 07:00:00,1770.28,1776.74,1767.71,1772.5,76782.173
2026-07-10 08:00:00,1772.5,1788.97,1771.66,1783.21,213994.433
2026-07-10 09:00:00,1783.21,1794.2,1780.3,1791.85,163472.492
2026-07-10 10:00:00,1791.85,1803.24,1788.62,1796.07,195020.148
2026-07-10 11:00:00,1796.07,1801.75,1793.48,1800.64,130841.523
2026-07-10 12:00:00,1800.63,1806.82,1791.84,1793.17,172959.881
2026-07-10 13:00:00,1793.16,1811.23,1792.65,1803.06,215136.183
2026-07-10 14:00:00,1803.06,1803.98,1774.83,1784.26,410527.982
2026-07-10 15:00:00,1784.27,1796.1,1783.07,1790.49,148257.581
2026-07-10 16:00:00,1790.48,1798.86,1785.01,1796.66,111067.695
2026-07-10 17:00:00,1796.66,1798.37,1787.35,1787.44,98704.909
2026-07-10 18:00:00,1787.45,1793.07,1779.35,1784.17,102477.118
2026-07-10 19:00:00,1784.17,1796.43,1783.43,1791.85,116523.012
2026-07-10 20:00:00,1791.85,1793.64,1788.57,1789.28,63776.236
2026-07-10 21:00:00,1789.28,1796.17,1788.88,1793.51,44132.192
2026-07-10 22:00:00,1793.5,1795.9,1792.08,1794.28,33810.624
2026-07-10 23:00:00,1794.28,1797.4,1791.56,1796.03,44583.348
2026-07-11 00:00:00,1796.03,1796.36,1788.7,1792.57,46189.432
2026-07-11 01:00:00,1792.57,1798.86,1787.68,1788.22,75871.175
2026-07-11 02:00:00,1788.22,1795.42,1785.0,1794.93,55912.84
2026-07-11 03:00:00,1794.93,1797.63,1791.66,1795.65,47476.969
2026-07-11 04:00:00,1795.66,1799.91,1794.5,1795.84,36641.0
2026-07-11 05:00:00,1795.85,1802.59,1794.28,1798.6,57749.729
2026-07-11 06:00:00,1798.61,1802.76,1793.84,1798.4,65402.783
2026-07-11 07:00:00,1798.39,1801.18,1797.28,1799.07,41216.605
2026-07-11 08:00:00,1799.07,1802.99,1798.57,1800.72,36661.448
2026-07-11 09:00:00,1800.72,1801.89,1794.24,1794.75,49523.828
2026-07-11 10:00:00,1794.75,1798.61,1794.51,1797.63,42177.645
2026-07-11 11:00:00,1797.62,1800.13,1796.39,1799.6,32935.206
2026-07-11 12:00:00,1799.6,1800.78,1797.52,1799.44,26544.918
2026-07-11 13:00:00,1799.44,1808.0,1798.17,1801.97,83084.515
2026-07-11 14:00:00,1801.96,1818.9,1801.63,1809.81,238466.637
2026-07-11 15:00:00,1809.81,1827.8,1807.7,1814.12,411667.16
2026-07-11 16:00:00,1814.11,1823.49,1809.7,1822.45,164602.489
2026-07-11 17:00:00,1822.45,1829.52,1817.41,1823.76,123369.714
2026-07-11 18:00:00,1823.77,1829.41,1822.85,1825.33,92267.669
2026-07-11 19:00:00,1825.33,1826.43,1818.5,1823.72,79313.988
2026-07-11 20:00:00,1823.72,1827.9,1823.17,1825.32,37934.714
2026-07-11 21:00:00,1825.32,1828.53,1821.84,1823.03,38677.149
2026-07-11 22:00:00,1823.03,1823.41,1808.0,1812.88,147665.654
2026-07-11 23:00:00,1812.88,1814.96,1785.01,1786.7,330316.259
2026-07-12 00:00:00,1786.69,1790.48,1778.26,1788.23,227246.213
2026-07-12 01:00:00,1788.23,1807.73,1787.23,1805.85,203998.445
2026-07-12 02:00:00,1805.86,1806.74,1802.14,1804.19,64582.632
2026-07-12 03:00:00,1804.18,1814.58,1801.25,1810.83,103180.899
2026-07-12 04:00:00,1810.84,1811.85,1803.21,1805.06,77414.983
2026-07-12 05:00:00,1805.07,1806.46,1800.27,1802.29,54935.447
2026-07-12 06:00:00,1802.3,1802.3,1788.12,1794.27,161491.626
2026-07-12 07:00:00,1794.27,1798.3,1793.31,1797.98,56777.789
2026-07-12 08:00:00,1797.97,1808.3,1797.8,1804.28,107173.25
2026-07-12 09:00:00,1804.29,1805.0,1795.4,1801.58,84276.122
2026-07-12 10:00:00,1801.57,1801.92,1798.09,1798.66,65912.576
2026-07-12 11:00:00,1798.66,1805.98,1795.51,1802.99,72809.60399999999
2026-07-12 12:00:00,1802.99,1808.9,1802.16,1806.17,63817.964
2026-07-12 13:00:00,1806.16,1808.93,1804.42,1805.03,41315.966
2026-07-12 14:00:00,1805.02,1823.32,1803.07,1818.73,155110.269
2026-07-12 15:00:00,1818.72,1826.2,1815.66,1819.95,218738.211
2026-07-12 16:00:00,1819.95,1823.43,1816.38,1820.85,99900.339
2026-07-12 17:00:00,1820.85,1821.46,1813.69,1817.43,60264.619
2026-07-12 18:00:00,1817.43,1821.74,1814.28,1820.78,60413.099
2026-07-12 19:00:00,1820.78,1822.72,1817.68,1820.58,32218.616
2026-07-12 20:00:00,1820.57,1823.4,1817.87,1820.42,31019.184
2026-07-12 21:00:00,1820.41,1822.73,1810.5,1811.53,77060.724
2026-07-12 22:00:00,1811.53,1811.53,1796.5,1804.03,212527.899
2026-07-12 23:00:00,1804.02,1808.49,1800.02,1805.92,79490.59999999999
2026-07-13 00:00:00,1805.92,1848.0,1803.31,1825.6,718791.494
2026-07-13 01:00:00,1825.6,1829.34,1804.42,1805.74,298120.948
2026-07-13 02:00:00,1805.74,1814.52,1798.0,1806.12,245929.477
2026-07-13 03:00:00,1806.12,1806.13,1773.46,1779.76,552099.158
2026-07-13 04:00:00,1779.77,1784.34,1775.28,1777.92,138380.551
2026-07-13 05:00:00,1777.93,1785.72,1772.0,1780.87,197347.004
2026-07-13 06:00:00,1780.87,1782.78,1775.0,1776.96,91892.75
2026-07-13 07:00:00,1776.96,1790.5,1775.29,1786.74,157925.38199999998
2026-07-13 08:00:00,1786.74,1792.49,1782.82,1789.21,108396.892
2026-07-13 09:00:00,1789.2,1789.57,1783.86,1784.8,60513.477
2026-07-13 10:00:00,1784.8,1785.9,1776.01,1778.75,106773.047
2026-07-13 11:00:00,1778.75,1783.92,1778.75,1779.9,72372.725
2026-07-13 12:00:00,1779.9,1782.77,1766.06,1771.35,292896.204
2026-07-13 13:00:00,1771.34,1775.65,1761.86,1770.61,285759.134
2026-07-13 14:00:00,1770.61,1781.42,1761.63,1780.94,333068.149
2026-07-13 15:00:00,1780.94,1785.97,1773.99,1775.9,149011.242
2026-07-13 16:00:00,1775.9,1780.2,1766.19,1771.05,163182.685
2026-07-13 17:00:00,1771.05,1775.37,1751.72,1752.69,304477.019
2026-07-13 18:00:00,1752.7,1766.69,1748.0,1763.99,227640.586
2026-07-13 19:00:00,1764.0,1774.33,1763.54,1773.86,103180.805
2026-07-13 20:00:00,1773.86,1776.44,1760.57,1766.25,119963.474
2026-07-13 21:00:00,1766.25,1766.36,1751.42,1760.8,100909.891
2026-07-13 22:00:00,1760.8,1767.73,1755.55,1757.43,92520.129
2026-07-13 23:00:00,1757.43,1777.73,1755.57,1776.0,162091.126
2026-07-14 00:00:00,1776.0,1788.26,1772.52,1785.24,183992.562
2026-07-14 01:00:00,1785.24,1793.9,1782.3,1783.96,175005.01499999998
2026-07-14 02:00:00,1783.97,1788.08,1774.15,1781.84,135108.08
2026-07-14 03:00:00,1781.85,1783.43,1773.55,1782.99,69652.465
2026-07-14 04:00:00,1783.0,1788.92,1781.51,1784.9,108078.013
2026-07-14 05:00:00,1784.91,1792.77,1783.56,1786.24,108072.671
2026-07-14 06:00:00,1786.24,1786.77,1781.02,1782.49,45440.094
2026-07-14 07:00:00,1782.5,1785.89,1778.4,1780.0,84010.615
2026-07-14 08:00:00,1780.0,1788.87,1777.61,1785.11,81962.488
2026-07-14 09:00:00,1785.11,1788.83,1781.89,1785.29,80816.31
2026-07-14 10:00:00,1785.29,1804.53,1785.2,1799.56,331111.96
2026-07-14 11:00:00,1799.57,1802.22,1794.8,1797.04,134019.274
2026-07-14 12:00:00,1797.03,1866.94,1793.34,1860.7,1155555.388
2026-07-14 13:00:00,1860.7,1882.65,1854.01,1870.52,813617.172
2026-07-14 14:00:00,1870.52,1884.06,1858.33,1880.17,396920.832
2026-07-14 15:00:00,1880.17,1887.99,1871.53,1874.38,344609.367
2026-07-14 16:00:00,1874.37,1876.59,1867.6,1873.03,161500.243
2026-07-14 17:00:00,1873.03,1873.04,1860.0,1870.87,175099.035
2026-07-14 18:00:00,1870.87,1876.2,1867.36,1873.9,77000.26699999999
2026-07-14 19:00:00,1873.91,1881.09,1873.5,1875.86,99378.136
2026-07-14 20:00:00,1875.85,1877.69,1873.07,1874.62,55854.905
2026-07-14 21:00:00,1874.61,1879.0,1873.43,1875.44,62282.132
2026-07-14 22:00:00,1875.44,1896.86,1871.07,1881.09,332420.416
2026-07-14 23:00:00,1881.09,1892.49,1877.72,1891.12,98957.643
2026-07-15 00:00:00,1891.12,1892.5,1877.02,1880.71,139598.737
2026-07-15 01:00:00,1880.7,1881.24,1865.59,1869.33,164176.284
2026-07-15 02:00:00,1869.34,1872.36,1863.32,1863.62,89162.98
2026-07-15 03:00:00,1863.63,1878.33,1863.5,1875.32,116310.434
2026-07-15 04:00:00,1875.31,1879.85,1872.38,1875.65,73548.757
2026-07-15 05:00:00,1875.65,1882.86,1870.53,1881.71,89876.568
2026-07-15 06:00:00,1881.72,1891.54,1874.16,1874.82,243302.098
2026-07-15 07:00:00,1874.81,1876.37,1863.57,1869.13,198028.788
2026-07-15 08:00:00,1869.13,1878.9,1869.08,1878.29,91108.831
2026-07-15 09:00:00,1878.3,1885.66,1878.09,1879.08,120807.873
2026-07-15 10:00:00,1879.08,1885.63,1874.0,1877.17,91050.265
2026-07-15 11:00:00,1877.17,1885.0,1876.51,1883.64,78897.15
2026-07-15 12:00:00,1883.63,1929.75,1878.47,1926.73,730267.548
2026-07-15 13:00:00,1926.73,1946.75,1916.4,1924.7,911972.327
2026-07-15 14:00:00,1924.7,1934.87,1918.16,1932.48,339456.697
2026-07-15 15:00:00,1932.48,1938.0,1924.67,1930.97,208421.589
2026-07-15 16:00:00,1930.97,1932.09,1903.37,1918.82,381316.986
2026-07-15 17:00:00,1918.83,1930.8,1918.52,1927.18,153939.536
2026-07-15 18:00:00,1927.19,1936.51,1921.88,1923.82,168983.45799999998
2026-07-15 19:00:00,1923.81,1928.47,1918.2,1923.2,106273.02
2026-07-15 20:00:00,1923.2,1930.0,1918.64,1922.65,63674.742
2026-07-15 21:00:00,1922.66,1924.99,1918.67,1921.29,35622.004
2026-07-15 22:00:00,1921.28,1927.34,1917.3,1922.46,73439.195
2026-07-15 23:00:00,1922.47,1926.28,1913.91,1916.91,83112.091
2026-07-16 00:00:00,1916.91,1924.2,1910.74,1914.06,143655.46
2026-07-16 01:00:00,1914.06,1925.41,1907.07,1921.84,118183.869
2026-07-16 02:00:00,1921.85,1925.98,1917.91,1924.44,62791.215
2026-07-16 03:00:00,1924.44,1928.34,1916.05,1917.94,98269.13
2026-07-16 04:00:00,1917.94,1920.13,1912.74,1917.63,71545.616
2026-07-16 05:00:00,1917.63,1926.98,1916.31,1924.79,89924.728
2026-07-16 06:00:00,1924.8,1928.69,1914.5,1921.88,109124.593
2026-07-16 07:00:00,1921.89,1921.89,1904.05,1909.91,220213.814
2026-07-16 08:00:00,1909.91,1912.19,1873.63,1885.3,795192.497
2026-07-16 09:00:00,1885.3,1888.4,1879.07,1883.63,145445.726
2026-07-16 10:00:00,1883.63,1890.88,1882.76,1887.57,116163.297
2026-07-16 11:00:00,1887.57,1887.61,1878.1,1884.15,142383.74
2026-07-16 12:00:00,1884.15,1884.23,1866.53,1871.73,296731.843
2026-07-16 13:00:00,1871.73,1889.5,1870.0,1881.94,358679.101
2026-07-16 14:00:00,1881.93,1892.56,1873.0,1882.85,310230.68200000003
2026-07-16 15:00:00,1882.86,1894.25,1870.11,1880.9,294698.456
2026-07-16 16:00:00,1880.9,1882.42,1873.56,1878.09,117085.425
2026-07-16 17:00:00,1878.09,1878.67,1860.0,1868.3,232062.798
2026-07-16 18:00:00,1868.3,1879.0,1867.25,1875.16,101405.627
2026-07-16 19:00:00,1875.15,1877.13,1870.3,1874.83,54121.662
2026-07-16 20:00:00,1874.83,1874.99,1870.77,1871.01,51629.408
2026-07-16 21:00:00,1871.01,1880.56,1871.01,1878.0,68524.503
2026-07-16 22:00:00,1877.99,1880.97,1867.08,1868.2,95707.709
2026-07-16 23:00:00,1868.19,1869.94,1855.38,1863.73,220028.585
2026-07-17 00:00:00,1863.73,1866.15,1845.85,1865.0,244135.278
2026-07-17 01:00:00,1865.0,1870.44,1847.0,1850.22,202907.966
2026-07-17 02:00:00,1850.22,1854.7,1842.1,1847.31,189648.932
2026-07-17 03:00:00,1847.31,1859.31,1846.43,1851.75,147027.53
2026-07-17 04:00:00,1851.75,1852.37,1843.01,1849.28,109480.814
2026-07-17 05:00:00,1849.29,1849.29,1820.39,1823.21,397270.301
2026-07-17 06:00:00,1823.22,1835.81,1819.9,1831.57,256167.081
2026-07-17 07:00:00,1831.58,1832.86,1825.35,1827.37,104679.219
2026-07-17 08:00:00,1827.37,1831.77,1820.1,1829.18,145828.532
2026-07-17 09:00:00,1829.19,1835.35,1828.32,1834.19,87323.374
2026-07-17 10:00:00,1834.19,1839.54,1833.29,1835.9,114231.82
2026-07-17 11:00:00,1835.91,1842.65,1832.29,1838.32,107708.418
2026-07-17 12:00:00,1838.33,1839.45,1826.49,1827.6,123976.335
2026-07-17 13:00:00,1827.6,1828.34,1802.46,1824.72,551476.092
2026-07-17 14:00:00,1824.73,1833.19,1816.19,1821.16,284873.894
2026-07-17 15:00:00,1821.16,1830.67,1809.38,1830.2,245281.136
2026-07-17 16:00:00,1830.2,1839.88,1825.7,1835.07,242985.579
2026-07-17 17:00:00,1835.07,1855.9,1835.07,1842.88,288962.015
2026-07-17 18:00:00,1842.88,1849.0,1834.0,1846.08,153737.059
2026-07-17 19:00:00,1846.08,1846.24,1834.85,1842.81,86547.619
2026-07-17 20:00:00,1842.81,1845.26,1836.11,1842.04,64564.658
2026-07-17 21:00:00,1842.03,1845.75,1839.8,1840.68,40204.686
2026-07-17 22:00:00,1840.68,1843.03,1836.71,1839.2,39484.849
2026-07-17 23:00:00,1839.19,1843.61,1834.2,1841.08,49656.652
2026-07-18 00:00:00,1841.08,1844.2,1839.0,1839.99,36221.295
2026-07-18 01:00:00,1839.98,1842.7,1838.47,1841.81,29601.95
2026-07-18 02:00:00,1841.8,1845.99,1840.28,1841.12,49738.457
2026-07-18 03:00:00,1841.11,1845.64,1840.61,1845.23,32036.111
2026-07-18 04:00:00,1845.23,1845.44,1841.54,1843.91,25468.491
2026-07-18 05:00:00,1843.9,1848.93,1842.25,1845.13,57611.201
2026-07-18 06:00:00,1845.12,1847.11,1842.1,1844.0,31347.789
2026-07-18 07:00:00,1844.0,1845.1,1842.13,1843.42,26103.756
2026-07-18 08:00:00,1843.41,1848.67,1841.31,1846.73,55221.422
2026-07-18 09:00:00,1846.73,1847.23,1842.01,1844.13,33119.955
2026-07-18 10:00:00,1844.12,1845.94,1842.51,1844.73,28419.458
2026-07-18 11:00:00,1844.73,1846.0,1843.55,1844.7,18784.264
2026-07-18 12:00:00,1844.7,1849.71,1839.19,1844.12,104931.052
2026-07-18 13:00:00,1844.11,1844.12,1836.36,1840.74,71314.817
2026-07-18 14:00:00,1840.74,1845.55,1839.66,1844.98,60125.023
2026-07-18 15:00:00,1844.98,1845.31,1841.0,1843.15,33267.081
2026-07-18 16:00:00,1843.14,1846.48,1840.61,1845.21,54644.178
2026-07-18 17:00:00,1845.22,1852.75,1842.48,1851.77,96418.578
2026-07-18 18:00:00,1851.78,1867.0,1848.95,1856.7,199959.987
2026-07-18 19:00:00,1856.69,1860.46,1854.74,1857.4,65729.458
2026-07-18 20:00:00,1857.4,1862.98,1854.31,1856.32,62915.69
2026-07-18 21:00:00,1856.32,1862.28,1854.77,1859.99,60222.516
2026-07-18 22:00:00,1859.98,1864.74,1858.92,1862.57,49278.014
2026-07-18 23:00:00,1862.56,1863.33,1859.0,1861.75,30195.361
2026-07-19 00:00:00,1861.75,1862.85,1858.22,1860.5,45484.1
2026-07-19 01:00:00,1860.5,1860.63,1857.51,1858.39,35309.366
2026-07-19 02:00:00,1858.39,1876.91,1857.54,1870.78,181518.563
2026-07-19 03:00:00,1870.77,1872.25,1863.0,1866.33,78469.202
2026-07-19 04:00:00,1866.33,1869.56,1863.35,1866.46,40113.863
2026-07-19 05:00:00,1866.47,1869.65,1864.75,1867.72,37186.455
2026-07-19 06:00:00,1867.72,1870.73,1867.25,1868.4,32653.755
2026-07-19 07:00:00,1868.41,1871.2,1866.0,1869.35,39292.539
2026-07-19 08:00:00,1869.35,1874.75,1866.87,1872.99,55717.768
2026-07-19 09:00:00,1873.0,1873.26,1864.55,1865.45,75153.511
2026-07-19 10:00:00,1865.45,1878.76,1863.2,1871.65,106454.809
2026-07-19 11:00:00,1871.64,1878.19,1869.0,1870.49,98161.324
2026-07-19 12:00:00,1870.49,1873.74,1863.35,1869.58,135647.861
2026-07-19 13:00:00,1869.59,1872.99,1865.1,1871.05,56571.544
2026-07-19 14:00:00,1871.04,1878.5,1867.76,1873.93,97351.29
2026-07-19 15:00:00,1873.93,1875.33,1868.2,1870.12,60772.378
2026-07-19 16:00:00,1870.12,1872.87,1865.1,1865.9,54790.373
2026-07-19 17:00:00,1865.9,1873.15,1855.84,1866.35,159412.427
2026-07-19 18:00:00,1866.35,1866.95,1850.95,1860.31,146162.649
2026-07-19 19:00:00,1860.32,1862.19,1853.8,1861.46,46934.380000000005
2026-07-19 20:00:00,1861.47,1866.53,1861.34,1866.48,40569.931
2026-07-19 21:00:00,1866.48,1867.74,1856.39,1861.2,57378.607
2026-07-19 22:00:00,1861.21,1876.46,1856.01,1869.61,186366.836
2026-07-19 23:00:00,1869.61,1874.22,1863.87,1871.49,77304.825
2026-07-20 00:00:00,1871.49,1891.2,1861.02,1871.29,374283.475
2026-07-20 01:00:00,1871.29,1889.44,1864.63,1868.48,232925.794
2026-07-20 02:00:00,1868.47,1882.55,1866.76,1878.12,183332.904
2026-07-20 03:00:00,1878.13,1881.42,1869.81,1878.88,101703.354
2026-07-20 04:00:00,1878.88,1879.25,1867.32,1868.0,120030.799
2026-07-20 05:00:00,1868.0,1869.12,1850.4,1854.51,240986.015
2026-07-20 06:00:00,1854.51,1859.09,1841.84,1848.71,232618.46
2026-07-20 07:00:00,1848.71,1864.81,1848.11,1863.11,165906.209
2026-07-20 08:00:00,1863.11,1867.95,1853.2,1859.96,197568.183
2026-07-20 09:00:00,1859.95,1866.88,1856.93,1863.43,79003.509
2026-07-20 10:00:00,1863.44,1871.92,1861.88,1867.98,78014.749
2026-07-20 11:00:00,1867.97,1896.21,1866.94,1892.43,412630.917
2026-07-20 12:00:00,1892.43,1892.95,1870.67,1872.43,288142.826
2026-07-20 13:00:00,1872.43,1879.77,1856.34,1861.58,307243.753
2026-07-20 14:00:00,1861.59,1871.17,1852.66,1867.41,212801.263
2026-07-20 15:00:00,1867.42,1905.0,1866.47,1901.58,489810.228
2026-07-20 16:00:00,1901.58,1906.38,1892.62,1898.55,302096.706
2026-07-20 17:00:00,1898.55,1909.63,1894.64,1906.94,186655.116
2026-07-20 18:00:00,1906.94,1917.92,1896.41,1898.53,294320.83
2026-07-20 19:00:00,1898.53,1900.37,1888.62,1897.69,156052.552
2026-07-20 20:00:00,1897.68,1906.11,1895.2,1903.96,77529.381
2026-07-20 21:00:00,1903.97,1906.76,1900.8,1901.41,45377.073
2026-07-20 22:00:00,1901.42,1901.71,1893.33,1894.75,80741.195
2026-07-20 23:00:00,1894.75,1904.19,1894.23,1903.5,67965.447
2026-07-21 00:00:00,1903.51,1917.23,1899.44,1914.05,132413.488
2026-07-21 01:00:00,1914.04,1917.69,1906.08,1906.55,98756.282
2026-07-21 02:00:00,1906.55,1924.58,1903.58,1916.45,129590.834
2026-07-21 03:00:00,1916.45,1927.96,1916.05,1925.81,161963.187
2026-07-21 04:00:00,1925.81,1931.0,1921.8,1923.7,128102.886
2026-07-21 05:00:00,1923.7,1935.41,1920.9,1929.64,137594.574
2026-07-21 06:00:00,1929.63,1939.14,1926.82,1934.07,167682.28
2026-07-21 07:00:00,1934.07,1939.51,1932.35,1933.29,122300.39
2026-07-21 08:00:00,1933.29,1953.64,1930.66,1939.0,426659.162
2026-07-21 09:00:00,1939.01,1942.7,1935.55,1941.1,157498.217
2026-07-21 10:00:00,1941.09,1945.98,1930.72,1932.99,146983.346
2026-07-21 11:00:00,1933.0,1936.46,1925.28,1934.85,171426.191
2026-07-21 12:00:00,1934.86,1944.58,1931.98,1941.75,175280.4
2026-07-21 13:00:00,1941.75,1943.7,1926.18,1939.53,202586.395
2026-07-21 14:00:00,1939.53,1943.3,1926.76,1930.9,195637.537
2026-07-21 15:00:00,1930.9,1931.74,1922.58,1930.89,171443.937
2026-07-21 16:00:00,1930.89,1934.58,1920.67,1925.57,134570.075
2026-07-21 17:00:00,1925.57,1927.7,1912.44,1917.94,179072.591
2026-07-21 18:00:00,1917.94,1922.27,1913.6,1919.24,95478.547
2026-07-21 19:00:00,1919.23,1925.28,1917.32,1922.4,79256.913
2026-07-21 20:00:00,1922.39,1925.34,1920.33,1922.26,52919.054
2026-07-21 21:00:00,1922.26,1925.76,1918.63,1923.1,51587.104
2026-07-21 22:00:00,1923.1,1923.1,1916.98,1919.75,51787.827
2026-07-21 23:00:00,1919.75,1931.01,1915.51,1929.29,117155.804
2026-07-22 00:00:00,1929.29,1943.98,1928.12,1938.55,233883.125
2026-07-22 01:00:00,1938.55,1939.98,1927.1,1932.8,103188.244
2026-07-22 02:00:00,1932.81,1935.77,1925.83,1929.35,58917.67
2026-07-22 03:00:00,1929.34,1935.45,1925.8,1927.65,68640.366
2026-07-22 04:00:00,1927.66,1938.5,1927.1,1935.79,66674.906
2026-07-22 05:00:00,1935.79,1935.98,1917.15,1918.49,147320.369
2026-07-22 06:00:00,1918.48,1920.01,1912.22,1916.49,120884.36
2026-07-22 07:00:00,1916.49,1918.0,1909.32,1913.26,127126.249
2026-07-22 08:00:00,1913.27,1924.21,1912.86,1920.26,112779.041
2026-07-22 09:00:00,1920.27,1925.87,1918.39,1923.57,92175.982
2026-07-22 10:00:00,1923.57,1932.9,1922.27,1929.88,114102.05
2026-07-22 11:00:00,1929.89,1930.68,1921.37,1926.42,82281.86
2026-07-22 12:00:00,1926.42,1926.63,1912.28,1916.09,117310.743
2026-07-22 13:00:00,1916.1,1942.0,1915.84,1939.05,300318.387
2026-07-22 14:00:00,1939.05,1958.75,1921.77,1932.4,485295.462
2026-07-22 15:00:00,1932.39,1951.87,1932.0,1942.06,311191.235
2026-07-22 16:00:00,1942.07,1955.8,1934.01,1949.0,284437.067
2026-07-22 17:00:00,1949.0,1949.45,1933.85,1937.7,159697.24599999998
2026-07-22 18:00:00,1937.7,1939.28,1922.0,1929.61,203816.182
2026-07-22 19:00:00,1929.62,1931.19,1919.7,1924.01,87858.244
2026-07-22 20:00:00,1924.01,1929.49,1921.63,1925.79,56998.37
2026-07-22 21:00:00,1925.78,1938.8,1925.68,1937.7,60794.561
2026-07-22 22:00:00,1937.7,1938.25,1929.54,1937.34,69388.001
2026-07-22 23:00:00,1937.33,1937.5,1922.37,1933.31,123005.286
2026-07-23 00:00:00,1933.31,1940.66,1931.04,1931.04,94676.968
2026-07-23 01:00:00,1931.04,1935.68,1925.51,1927.27,77968.45
2026-07-23 02:00:00,1927.28,1928.56,1920.74,1926.5,69644.362
2026-07-23 03:00:00,1926.51,1926.98,1916.49,1919.46,108828.512
2026-07-23 04:00:00,1919.46,1925.0,1917.58,1918.78,76524.903
2026-07-23 05:00:00,1918.79,1927.79,1917.15,1921.92,75585.883
2026-07-23 06:00:00,1921.92,1925.88,1920.04,1924.4,46138.975
2026-07-23 07:00:00,1924.4,1924.4,1911.44,1914.61,175062.793
2026-07-23 08:00:00,1914.62,1926.49,1913.39,1925.53,113682.487
2026-07-23 09:00:00,1925.53,1930.74,1922.37,1923.1,134516.528
2026-07-23 10:00:00,1923.1,1929.35,1920.95,1927.04,65954.107
2026-07-23 11:00:00,1927.05,1928.19,1923.36,1924.65,56010.322
2026-07-23 12:00:00,1924.64,1926.93,1893.17,1903.5,472351.506
2026-07-23 13:00:00,1903.5,1908.0,1894.1,1897.69,294884.812
2026-07-23 14:00:00,1897.69,1906.24,1890.72,1895.42,238750.651
2026-07-23 15:00:00,1895.42,1897.0,1882.0,1894.49,409921.954
2026-07-23 16:00:00,1894.49,1894.7,1883.45,1886.98,205689.405
2026-07-23 17:00:00,1886.98,1891.34,1872.95,1877.73,196154.764
2026-07-23 18:00:00,1877.73,1883.48,1875.0,1880.3,123244.106
2026-07-23 19:00:00,1880.3,1882.67,1868.18,1874.74,150662.457
2026-07-23 20:00:00,1874.74,1887.98,1873.93,1885.0,97113.225
2026-07-23 21:00:00,1884.99,1887.95,1879.62,1881.64,58397.705
2026-07-23 22:00:00,1881.64,1883.3,1873.0,1882.43,82866.821
2026-07-23 23:00:00,1882.43,1883.8,1874.62,1877.42,49203.359
2026-07-24 00:00:00,1877.42,1878.18,1858.0,1870.66,260220.237
2026-07-24 01:00:00,1870.66,1876.98,1869.54,1871.96,88964.565
2026-07-24 02:00:00,1871.96,1877.86,1863.68,1868.84,89259.403
2026-07-24 03:00:00,1868.83,1881.07,1867.46,1879.71,123597.074
2026-07-24 04:00:00,1879.7,1881.17,1873.84,1875.05,53960.665
2026-07-24 05:00:00,1875.04,1881.42,1872.47,1880.15,106749.314
2026-07-24 06:00:00,1880.14,1887.57,1878.02,1887.28,140240.793
2026-07-24 07:00:00,1887.28,1909.32,1887.27,1895.0,474376.982
2026-07-24 08:00:00,1895.0,1895.0,1885.18,1887.07,98241.525
2026-07-24 09:00:00,1887.06,1887.89,1875.95,1887.07,146349.071
2026-07-24 10:00:00,1887.08,1887.91,1879.29,1882.8,57188.452
2026-07-24 11:00:00,1882.8,1883.78,1875.22,1883.03,103864.975
2026-07-24 12:00:00,1883.02,1885.2,1871.0,1871.89,130121.557
2026-07-24 13:00:00,1871.9,1874.62,1847.0,1856.83,520370.014
2026-07-24 14:00:00,1856.82,1862.3,1846.17,1861.92,318953.313
2026-07-24 15:00:00,1861.91,1868.71,1853.0,1861.28,238297.372
2026-07-24 16:00:00,1861.28,1865.26,1852.56,1856.74,120332.457
2026-07-24 17:00:00,1856.75,1865.71,1854.21,1865.69,91106.237
2026-07-24 18:00:00,1865.68,1865.81,1857.68,1861.76,72744.079
2026-07-24 19:00:00,1861.75,1863.97,1856.97,1862.74,50166.896
2026-07-24 20:00:00,1862.75,1864.51,1857.3,1860.05,49085.347
2026-07-24 21:00:00,1860.04,1860.88,1856.1,1856.69,43307.631
2026-07-24 22:00:00,1856.69,1860.82,1855.75,1858.75,32029.724
2026-07-24 23:00:00,1858.75,1860.98,1858.13,1860.57,22767.498
2026-07-25 00:00:00,1860.58,1863.86,1855.81,1859.36,76506.485
2026-07-25 01:00:00,1859.35,1862.77,1855.96,1859.27,40202.157
2026-07-25 02:00:00,1859.27,1860.89,1857.41,1858.58,22995.782
2026-07-25 03:00:00,1858.58,1859.7,1854.27,1857.83,28826.613
2026-07-25 04:00:00,1857.84,1861.84,1857.65,1860.44,24169.322
2026-07-25 05:00:00,1860.43,1862.2,1856.0,1857.57,33686.386
2026-07-25 06:00:00,1857.57,1859.41,1853.44,1857.64,48543.398
2026-07-25 07:00:00,1857.65,1857.91,1854.99,1855.11,19484.15
2026-07-25 08:00:00,1855.1,1855.33,1850.26,1852.89,63650.093
2026-07-25 09:00:00,1852.89,1858.19,1850.74,1857.5,40409.343
2026-07-25 10:00:00,1857.5,1858.5,1855.71,1857.72,27332.041
2026-07-25 11:00:00,1857.72,1859.38,1856.56,1857.05,23986.615
2026-07-25 12:00:00,1857.04,1859.78,1856.05,1859.51,25204.11
2026-07-25 13:00:00,1859.5,1871.73,1859.11,1866.38,162079.173
2026-07-25 14:00:00,1866.37,1868.52,1864.06,1867.88,48403.08
2026-07-25 15:00:00,1867.88,1870.68,1866.3,1867.03,50418.59
2026-07-25 16:00:00,1867.04,1870.23,1863.54,1867.19,54148.097
2026-07-25 17:00:00,1867.19,1874.43,1867.17,1872.29,87663.278
2026-07-25 18:00:00,1872.29,1876.42,1871.37,1874.39,61782.403
2026-07-25 19:00:00,1874.38,1875.63,1873.16,1873.8,27548.861
2026-07-25 20:00:00,1873.8,1873.97,1869.65,1871.26,33903.021
2026-07-25 21:00:00,1871.26,1875.26,1866.59,1871.7,46425.008
